rep,vsRand,vsRand_se,vsRand_win,vsTAG,vsTAG_se,vsTAG_win
0,1269.2749999999999,98.97252391622965,0.5511,976.35,16.39414665224892,0.93415
1,985.235,99.45965396669858,0.5477,960.975,15.920709160824206,0.93572
2,1261.865,99.7537858950514,0.54745,970.39,16.7967289607244,0.93329
3,1323.7,99.88669559365533,0.54855,953.4599999999999,16.17025216422275,0.93593
4,1234.655,100.01799803689865,0.54879,974.5,16.873824248209047,0.93345
