rep,vsRand,vsRand_se,vsRand_win,vsTAG,vsTAG_se,vsTAG_win
0,248.79000000000002,100.50130815312009,0.53579,871.1750000000001,8.135854479710853,0.93319
1,247.04000000000002,99.8967294557212,0.53539,855.19,7.915284401477407,0.93523
2,376.505,100.14232421758916,0.53682,860.9350000000001,8.372044861866286,0.93335
3,532.4100000000001,100.71570797277514,0.53713,863.02,7.753793652732839,0.93557
4,452.315,99.88528999366883,0.53854,849.26,7.160487919818906,0.93329
