rep,vsCFR,vsCFR_se,vsCFR_win,vsRand,vsRand_se,vsRand_win,vsTAG,vsTAG_se,vsTAG_win
0,-393.19,9.761955193335604,0.2114,855.8599999999999,59.6122619334456,0.35236,-38.635000000000005,23.539470882639744,0.63688
1,-411.31,9.776658256759653,0.20886,821.9250000000001,59.801200487779056,0.3516,-59.61000000000001,23.139616913374105,0.63606
2,-414.265,9.902623426004705,0.21032,853.17,60.97464791688334,0.35066,-8.885,22.879176561558136,0.63736
3,-405.995,9.833189844398161,0.20828,764.35,59.904457482021,0.35225,-53.745000000000005,23.362588637717966,0.63885
4,-398.66,9.80886915924266,0.21155,910.9699999999999,59.39330528130356,0.35321,34.81,21.965445760263425,0.63588
