rep,vsRand,vsRand_se,vsRand_win,vsTAG,vsTAG_se,vsTAG_win
0,-437.065,63.48938396201768,0.47376,860.795,9.655010454267705,0.92259
1,-528.91,64.29548103255634,0.46937,873.6,9.918465816830826,0.92617
2,-482.83500000000004,64.0934139228426,0.471,858.8050000000001,9.799572696602661,0.9227
3,-503.24500000000006,63.80587419349072,0.47138,871.4499999999999,10.826099067494726,0.92391
4,-443.915,63.15674237536975,0.47043,854.2950000000001,9.632040453184512,0.92439
