rep,vsRand,vsRand_se,vsRand_win,vsTAG,vsTAG_se,vsTAG_win
0,499.635,34.12418230911815,0.20097,-50.495,20.230628273312554,0.42678
1,497.71500000000003,33.665847036430215,0.19993,-47.64,18.907151533422244,0.42788
2,520.8000000000001,33.626410467886835,0.20046,-43.96,19.07941077243095,0.42637
3,510.24,34.11106619665193,0.20118,-14.55,19.06352189795137,0.4289
4,487.15500000000003,33.26590884474167,0.20245,-24.36,18.87454313057097,0.42836
