rep,vsRand,vsRand_se,vsRand_win,vsTAG,vsTAG_se,vsTAG_win
0,2083.1400000000003,111.28047025796847,0.57648,941.0300000000001,15.220055581104784,0.93615
1,2246.295,111.51018185769551,0.57503,918.1049999999999,14.626286144206727,0.9383
2,2314.2149999999997,111.54237392735355,0.57566,938.415,15.55426363505911,0.9365
3,2346.79,111.90999801374117,0.57502,928.72,15.579313809221112,0.93808
4,2338.105,111.61519679063103,0.57727,912.88,14.98703263382954,0.93535
