rep,vsRand,vsRand_se,vsRand_win,vsTAG,vsTAG_se,vsTAG_win
0,-179.05499999999998,104.86352884423911,0.54407,969.61,15.44933983379267,0.93238
1,-206.34,106.02210380344728,0.54057,951.6700000000001,14.718972742436407,0.93457
2,-155.245,105.9736222792537,0.54342,931.875,15.039023457858415,0.93328
3,-33.529999999999994,106.3431791235736,0.54247,962.63,15.731937572009292,0.93385
4,-63.025,105.70469544121552,0.54394,964.955,15.209561360779537,0.93429
