rep,vsCFR,vsCFR_se,vsCFR_win,vsRand,vsRand_se,vsRand_win,vsTAG,vsTAG_se,vsTAG_win
0,-595.645,9.844793778408738,0.0815,423.255,46.493738220610815,0.26131,-155.34,21.320353899945097,0.45107
1,-591.315,9.22680833482903,0.08186,412.045,45.60458487873088,0.26002,-148.01500000000001,21.6155826415084,0.45257
2,-609.0100000000001,9.71467508196334,0.08149,436.365,45.95051626877769,0.26224,-178.13000000000002,22.11245885557204,0.45187
3,-594.275,8.400640032240371,0.08045,434.97999999999996,46.34406598174697,0.262,-167.595,22.239632195073543,0.45087
4,-580.43,9.838537905567126,0.08251,396.295,45.82405019381756,0.26117,-183.835,22.363504269031313,0.44998
