rep,vsRand,vsRand_se,vsRand_win,vsTAG,vsTAG_se,vsTAG_win
0,-189.535,64.67832884900457,0.47304,868.885,13.29476705610372,0.92564
1,-304.015,64.94418951126623,0.46915,856.9,12.435623038159505,0.92921
2,-273.46999999999997,65.06278101376955,0.47122,865.88,13.44094583153464,0.92507
3,-305.15,65.08602689275145,0.47207,859.1,13.475878000816085,0.92751
4,-296.995,63.79594825637353,0.47017,874.155,13.541559699611451,0.92675
