rep,vsRand,vsRand_se,vsRand_win,vsTAG,vsTAG_se,vsTAG_win
0,-296.75,13.933430510102593,0.23979,87.65,12.62861510990797,0.46426
1,-295.51500000000004,14.459234922446463,0.23858,70.92,12.236737756179508,0.46529
2,-282.62,14.755640841568571,0.2402,88.23,12.530216467972423,0.46429
3,-286.025,14.481999836933527,0.23957,67.76,13.080148956604708,0.46544
4,-294.01500000000004,15.215156647490293,0.2389,85.34,12.758867454871819,0.46478
