rep,vsCFR,vsCFR_se,vsCFR_win,vsRand,vsRand_se,vsRand_win,vsTAG,vsTAG_se,vsTAG_win
0,-340.63500000000005,13.511956878910505,0.23891,896.655,65.97713697134621,0.37774,-63.765,24.965590280518715,0.67827
1,-332.46500000000003,13.401063059424098,0.24097,987.37,66.48368789138095,0.38148,-100.61,26.000082429135933,0.67792
2,-313.23,13.378744693695886,0.24313,951.7750000000001,67.10598520717996,0.37802,-58.975,24.99429318145777,0.67508
3,-328.215,13.222245362096187,0.23921,973.34,66.29889703367228,0.37677,-61.095,25.93328988703503,0.67673
4,-331.17,13.553632403179346,0.24112,1080.665,66.02781537580796,0.37896,-82.375,25.62464018899774,0.6792
