rep,vsRand,vsRand_se,vsRand_win,vsTAG,vsTAG_se,vsTAG_win
0,68.025,84.52909411954724,0.50832,942.5400000000001,12.884977443148168,0.92823
1,-6.989999999999999,84.1905362369365,0.50321,927.9549999999999,12.16236199963823,0.93177
2,137.36,84.83556237233552,0.50439,918.9150000000001,12.466879379322018,0.92913
3,-11.690000000000001,84.36932686274172,0.50412,932.6750000000001,12.883829336588315,0.93077
4,237.185,83.80409470318644,0.50595,923.63,12.166507570788943,0.93071
