rep,vsRand,vsRand_se,vsRand_win,vsTAG,vsTAG_se,vsTAG_win
0,-143.995,74.68115761122594,0.48748,856.0649999999999,11.612730114523334,0.92137
1,-208.51500000000001,76.01943718218415,0.48624,847.785,10.658635794646518,0.92519
2,-224.17000000000002,75.38993277971963,0.48512,855.895,10.80379700429655,0.92301
3,-230.685,75.82757293699915,0.48494,854.6850000000001,11.734146215623191,0.92375
4,-133.83,75.19359936912757,0.48738,846.51,10.762923236935494,0.92516
