rep,vsRand,vsRand_se,vsRand_win,vsTAG,vsTAG_se,vsTAG_win
0,-358.91499999999996,67.5290968917623,0.48086,865.13,11.127355436553202,0.92387
1,-347.745,68.86508210366907,0.47589,840.6850000000001,9.849768143823228,0.92585
2,-302.58000000000004,69.05904173204584,0.47866,849.515,10.473104339540166,0.92395
3,-286.96500000000003,68.26577867462679,0.4789,854.365,11.203418435173985,0.9252
4,-348.3,67.50104062164411,0.47798,840.0450000000001,10.053756997264633,0.92497
