rep,vsCFR,vsCFR_se,vsCFR_win,vsRand,vsRand_se,vsRand_win,vsTAG,vsTAG_se,vsTAG_win
0,-356.785,10.433333991698522,0.23016,945.5,67.73765335023656,0.37418,-197.98,25.62391861226636,0.66282
1,-377.15,10.49632938242246,0.23062,947.5949999999999,66.73398044775399,0.37519,-166.33999999999997,25.076204820595997,0.66324
2,-347.715,10.523080591727947,0.23194,1003.8249999999999,67.27604246202836,0.37496,-189.545,25.642527709296196,0.66471
3,-362.83500000000004,10.29752849079235,0.22895,805.4599999999999,66.60100786644664,0.37275,-211.87,25.353512360950905,0.66306
4,-366.225,10.344014572694917,0.2312,1101.26,66.87823144418826,0.37325,-187.23000000000002,25.683495589394692,0.66217
