rep,vsRand,vsRand_se,vsRand_win,vsTAG,vsTAG_se,vsTAG_win
0,-161.26,93.59724037896665,0.52107,989.035,15.877841281049115,0.93006
1,-64.35499999999999,93.68651386922537,0.5192,964.74,15.040443127557602,0.93157
2,-209.915,93.96215312981049,0.52037,942.29,15.294732258112546,0.9304
3,37.8,94.51345348429975,0.52194,973.9100000000001,16.04133773611676,0.93113
4,-21.605,94.09317000976306,0.52085,956.25,14.847276308843243,0.93152
