rep,vsCFR,vsCFR_se,vsCFR_win,vsRand,vsRand_se,vsRand_win,vsTAG,vsTAG_se,vsTAG_win
0,-603.0649999999999,6.8022469643043415,0.08232,325.655,43.89457062716362,0.26476,-134.98,16.715977334125046,0.45968
1,-619.2149999999999,6.8463509669725235,0.08235,391.32,44.27656875505832,0.26339,-138.42499999999998,17.20756435979427,0.45953
2,-602.075,6.496872635144572,0.08142,334.1,43.811494683138385,0.26326,-150.91,16.939063759187235,0.45977
3,-615.275,7.116238342848805,0.08014,356.075,44.42697230852486,0.26459,-180.375,18.106312489827122,0.45838
4,-608.0649999999999,7.155907114252971,0.08381,307.435,43.28333393672114,0.26187,-160.34,17.496754619306465,0.45858
