rep,vsRand,vsRand_se,vsRand_win,vsTAG,vsTAG_se,vsTAG_win
0,-348.995,74.62437194287553,0.49044,888.125,11.69649660898849,0.92444
1,-284.10999999999996,75.56489307614783,0.48655,883.205,11.072767962061402,0.9285
2,-352.365,76.01985730225223,0.48765,870.06,10.996693377404515,0.9244
3,-217.995,75.18213804048507,0.48867,890.0949999999999,11.726380899060027,0.9269
4,-248.695,75.29490604415753,0.48881,880.15,11.39042611990754,0.92676
