rep,vsRand,vsRand_se,vsRand_win,vsTAG,vsTAG_se,vsTAG_win
0,324.84499999999997,30.361849427838823,0.19298,-83.35,19.31785597758187,0.41732
1,290.51,30.505311752864472,0.19119,-87.195,17.973735723869666,0.41836
2,298.285,30.036151672473338,0.19259,-74.445,18.063348727891587,0.41692
3,345.30499999999995,30.910704040606916,0.19361,-68.51,18.32678565678458,0.41845
4,265.58500000000004,29.54000587672964,0.19297,-56.935,18.4797977285194,0.41789
