rep,vsRand,vsRand_se,vsRand_win,vsTAG,vsTAG_se,vsTAG_win
0,-381.79,19.476244689366375,0.24379,106.67500000000001,15.08546171501892,0.46225
1,-383.82,20.21829023109023,0.24334,128.14000000000001,14.641270268386917,0.46198
2,-331.3,20.264965082331077,0.24627,117.53,14.41695860706948,0.46131
3,-363.435,19.746358504658318,0.24246,129.125,15.111311189337894,0.46483
4,-333.055,20.400299762308737,0.24562,106.83,13.95426890694053,0.46334
