rep,vsRand,vsRand_se,vsRand_win,vsTAG,vsTAG_se,vsTAG_win
0,443.82,32.938688310979785,0.23633,-78.27499999999999,17.716272009276924,0.45452
1,486.875,33.72246097762578,0.23407,-63.435,17.184489753106746,0.45502
2,494.805,33.649917953682035,0.23491,-64.185,17.880011879358413,0.45312
3,508.90500000000003,33.537346042069956,0.2362,-57.99,17.693572342068805,0.45516
4,507.1600000000001,33.45981519578864,0.23317,-53.695,17.707634767891523,0.45511
