rep,vsRand,vsRand_se,vsRand_win,vsTAG,vsTAG_se,vsTAG_win
0,-196.74,22.41293057854263,0.2502,111.155,14.799000329882338,0.46483
1,-151.285,23.101560343592663,0.25158,107.09,14.758294121999803,0.46594
2,-144.28,23.704088289871358,0.25262,102.81,14.631458978342463,0.46395
3,-169.16500000000002,22.755544053605963,0.25099,101.255,15.028436638214496,0.466
4,-181.04000000000002,23.547048431149456,0.25199,107.66000000000001,14.91017157433689,0.465
