rep,vsRand,vsRand_se,vsRand_win,vsTAG,vsTAG_se,vsTAG_win
0,2178.65,129.19690963869684,0.60722,829.21,6.452253410610958,0.93888
1,2125.385,129.34211438987415,0.6066,843.92,6.632305798951228,0.94203
2,2127.6000000000004,129.22657225768148,0.60671,840.425,6.650964256933386,0.94047
3,2025.28,129.31102726617604,0.60483,839.87,6.403115946938514,0.94156
4,2258.1000000000004,129.39375224998776,0.6099,842.5200000000001,6.547562844432424,0.94165
