rep,vsRand,vsRand_se,vsRand_win,vsTAG,vsTAG_se,vsTAG_win
0,1927.335,102.17543917782523,0.55838,847.715,11.874659063022762,0.93367
1,1801.525,102.96240971501149,0.55335,842.16,11.262541178274907,0.93566
2,1905.4,102.7336751045148,0.55396,858.4549999999999,11.640576882614177,0.93529
3,1746.115,102.37886043211451,0.55745,833.345,11.517912689931162,0.93599
4,1883.28,102.9198286984942,0.55452,833.43,10.878486924465994,0.93495
