rep,vsRand,vsRand_se,vsRand_win,vsTAG,vsTAG_se,vsTAG_win
0,545.825,71.0612547223378,0.49427,848.78,10.383920424099644,0.92812
1,446.69,71.61696670718611,0.4887,843.63,10.023865971265282,0.93146
2,488.085,71.54564517230368,0.49306,853.1999999999999,10.784394309909404,0.92831
3,385.45,71.50240771413287,0.49219,843.16,10.418689823340376,0.92993
4,657.265,72.04026304916405,0.49482,849.0699999999999,10.513960090497198,0.9299
