rep,vsRand,vsRand_se,vsRand_win,vsTAG,vsTAG_se,vsTAG_win
0,1180.9,100.02370893604922,0.55528,1190.915,17.12268003232744,0.93547
1,1127.9850000000001,100.44605401654871,0.5514,1176.685,16.403910813908062,0.93742
2,1188.43,101.28495262262442,0.55193,1184.025,17.082367841334545,0.93565
3,1237.45,101.21942046211186,0.55301,1178.31,17.16267027625684,0.93705
4,1135.785,100.40499644425499,0.55324,1158.875,16.847652678570917,0.93469
