rep,vsRand,vsRand_se,vsRand_win,vsTAG,vsTAG_se,vsTAG_win
0,2192.3849999999998,120.30172559098871,0.60224,889.845,11.654065467988813,0.9392
1,2414.34,120.16810445112826,0.59993,881.045,11.038658913095194,0.94154
2,2372.29,121.29807061028768,0.60212,898.79,12.423286953925977,0.94055
3,2432.4900000000002,120.60388893804074,0.59936,880.625,11.493495643109235,0.94168
4,2316.795,120.62206465280123,0.60276,888.865,11.075088789425886,0.94053
