rep,vsRand,vsRand_se,vsRand_win,vsTAG,vsTAG_se,vsTAG_win
0,-360.935,28.12819841748156,0.2511,139.845,9.329390608986277,0.46426
1,-259.945,29.024127634945373,0.25233,123.325,8.653134299840845,0.46578
2,-279.495,29.327285952620358,0.25463,134.625,9.132651320780372,0.46468
3,-255.67499999999998,28.349112237694435,0.25112,137.515,9.175882149193185,0.46574
4,-357.055,28.44935475415232,0.25113,131.98499999999999,8.46508364838539,0.46517
