rep,vsRand,vsRand_se,vsRand_win,vsTAG,vsTAG_se,vsTAG_win
0,1496.405,141.52419011152693,0.63211,875.885,10.245073415210006,0.94404
1,1474.47,141.84886338350205,0.6314,860.63,9.464962011865596,0.94656
2,1537.34,141.52511190886588,0.6324,864.645,10.041278479978788,0.94546
3,1508.1100000000001,141.96768132397037,0.63121,878.33,10.410946065991308,0.94592
4,1630.875,142.02991997225593,0.63338,865.8050000000001,9.253199351399081,0.94643
