rep,vsRand,vsRand_se,vsRand_win,vsTAG,vsTAG_se,vsTAG_win
0,-474.0,63.522702566384964,0.47351,860.38,9.64698363214803,0.9228
1,-513.8549999999999,63.927371856494105,0.47009,871.91,9.922921150681466,0.92633
2,-505.09000000000003,64.19995215930906,0.47166,856.3349999999999,9.804702443197856,0.92312
3,-474.31,64.11079980927957,0.47176,870.97,10.830597195416146,0.92416
4,-442.16499999999996,62.94822118942885,0.47141,853.4549999999999,9.625959548051414,0.92453
