rep,vsRand,vsRand_se,vsRand_win,vsTAG,vsTAG_se,vsTAG_win
0,-408.07,9.097011394252677,0.24219,202.345,13.583207833391212,0.46091
1,-413.295,9.038122830897633,0.24216,200.155,13.162121302211194,0.46277
2,-416.875,8.709287333680559,0.24278,181.67,13.466017356562203,0.46152
3,-422.20000000000005,8.589208889361897,0.24087,205.60999999999999,14.086031358824755,0.46163
4,-428.89500000000004,8.166075106045522,0.24152,195.335,13.205841939095105,0.46206
