rep,vsRand,vsRand_se,vsRand_win,vsTAG,vsTAG_se,vsTAG_win
0,-594.785,50.38896231827943,0.32657,324.34000000000003,12.844560540219144,0.60055
1,-526.865,50.39801640261572,0.32623,308.525,12.958507918469037,0.6037
2,-533.5,50.53767572877368,0.32409,312.625,12.991725017985079,0.60122
3,-550.1700000000001,49.91485745387786,0.32668,317.125,13.745149385694805,0.60196
4,-564.115,51.50162271073765,0.32422,292.135,11.96854957292398,0.60315
