rep,vsRand,vsRand_se,vsRand_win,vsTAG,vsTAG_se,vsTAG_win
0,1391.2150000000001,102.98466799313462,0.5614,1194.955,17.242693339049033,0.93559
1,1433.26,103.71830881093184,0.55721,1188.795,16.920695983891314,0.93764
2,1469.335,103.38505117407358,0.55969,1208.915,17.663110996725653,0.93644
3,1421.025,102.53953212322664,0.55879,1190.185,17.21277532689294,0.93787
4,1396.25,103.80102242221682,0.55967,1193.5,17.746298960945857,0.93622
