rep,vsRand,vsRand_se,vsRand_win,vsTAG,vsTAG_se,vsTAG_win
0,2244.585,111.59393773340528,0.57611,962.545,16.21986674022079,0.93593
1,2058.6549999999997,110.7068924280239,0.57175,945.57,15.951332803285812,0.93822
2,2170.575,111.3903036385627,0.574,950.065,16.49785930814563,0.93644
3,1931.565,110.84047454614999,0.57126,926.34,15.506580750909135,0.93859
4,2074.6699999999996,111.25621835822137,0.57303,934.48,16.13534086371428,0.93576
