rep,vsRand,vsRand_se,vsRand_win,vsTAG,vsTAG_se,vsTAG_win
0,138.83499999999998,40.339310182837906,0.28454,121.30499999999999,14.143193637542145,0.50777
1,-24.155,39.64953860032752,0.28076,146.095,13.626729042114027,0.51061
2,126.72,40.38412038398003,0.28389,134.54,13.325872041733579,0.50915
3,79.96499999999999,39.68332746447223,0.28185,137.745,13.565689382741825,0.51087
4,18.31,40.59447224131341,0.28186,143.24,13.141896747368744,0.51121
