rep,vsRand,vsRand_se,vsRand_win,vsTAG,vsTAG_se,vsTAG_win
0,1913.98,108.83939252738254,0.57284,893.04,12.136188382465251,0.93555
1,1883.175,109.06863230947424,0.5702,888.78,11.963086235178725,0.93742
2,1855.945,109.08406987233629,0.5693,891.0400000000001,12.544377258278226,0.93565
3,1803.2749999999999,109.32296251403488,0.56783,879.6850000000001,12.145877622929612,0.93784
4,2085.735,109.554617165317,0.57092,876.345,11.466888606116877,0.93544
