rep,vsRand,vsRand_se,vsRand_win,vsTAG,vsTAG_se,vsTAG_win
0,464.9,33.292903359036444,0.21406,-79.46499999999999,20.10624332758254,0.44203
1,451.415,32.78564348860549,0.21629,-31.285,18.31377600146033,0.444
2,503.68500000000006,33.36097598624683,0.2163,-42.81,18.813080884297595,0.44181
3,493.99,34.061798115482816,0.21703,-54.455000000000005,19.644459284428162,0.4427
4,525.525,33.786379281272495,0.21739,-70.42,18.38631531334944,0.44295
