rep,vsRand,vsRand_se,vsRand_win,vsTAG,vsTAG_se,vsTAG_win
0,-539.285,63.20097812157739,0.47444,834.275,7.739261993595517,0.92379
1,-541.975,64.36107852948118,0.46937,832.5550000000001,7.40757014416363,0.92659
2,-454.2,64.02043860960028,0.47162,831.57,7.601755798360808,0.92434
3,-429.27,63.5984124821658,0.47284,825.945,7.2036652127701615,0.92568
4,-401.71000000000004,62.88053657832289,0.47147,835.2199999999999,7.656987776574943,0.92618
