rep,vsRand,vsRand_se,vsRand_win,vsTAG,vsTAG_se,vsTAG_win
0,1525.0,98.78466623977043,0.54889,813.61,8.331322331317992,0.93283
1,1345.625,99.41779567851383,0.54194,813.77,8.549053440828834,0.93461
2,1401.17,99.3966693269434,0.54324,824.37,8.652709964219143,0.93455
3,1316.455,98.41397228254306,0.54538,812.0500000000001,8.255524181528095,0.9351
4,1409.95,99.60078595644028,0.54471,802.7800000000001,7.713856866177743,0.93401
