rep,vsRand,vsRand_se,vsRand_win,vsTAG,vsTAG_se,vsTAG_win
0,1705.91,106.32558564155956,0.56338,936.0450000000001,14.916269558127638,0.93497
1,1832.135,107.17624832909485,0.56135,917.32,14.44097730744896,0.93662
2,1930.4699999999998,107.8478544867174,0.56194,931.055,14.92993703603431,0.93526
3,1855.105,106.19270548534269,0.56144,935.61,15.3039449615553,0.93668
4,1953.1750000000002,106.95747471872983,0.56272,906.4,14.060183757251284,0.93577
