rep,vsRand,vsRand_se,vsRand_win,vsTAG,vsTAG_se,vsTAG_win
0,-350.19,19.497019540860848,0.43934,880.2950000000001,14.437221563147618,0.92345
1,-327.22499999999997,19.597084054797143,0.43777,902.575,14.51634995230927,0.92659
2,-349.495,19.254321975569468,0.43927,868.12,14.264223124187776,0.92341
3,-307.29,20.16548276203548,0.43978,883.9200000000001,15.49538174439578,0.92491
4,-328.035,19.74778481596863,0.4366,865.3100000000001,14.400932605480767,0.92471
