rep,vsRand,vsRand_se,vsRand_win,vsTAG,vsTAG_se,vsTAG_win
0,-557.495,59.4950894184251,0.47654,891.39,9.301575343566203,0.92584
1,-538.65,59.7414345506117,0.47188,881.3100000000001,8.631768179997602,0.92902
2,-515.995,59.7296232440711,0.47318,888.245,8.843091382678459,0.92647
3,-481.85499999999996,59.19442391296645,0.47446,897.685,9.243005233105052,0.92782
4,-600.775,59.24028707821967,0.47174,890.8199999999999,9.000792043957809,0.92774
