rep,vsRand,vsRand_se,vsRand_win,vsTAG,vsTAG_se,vsTAG_win
0,-209.88000000000002,69.03913359737126,0.48478,852.1600000000001,9.404893293609376,0.92566
1,-259.975,70.1754351672347,0.48073,847.1999999999999,9.12450569433992,0.92875
2,-348.285,70.39184789952779,0.48236,843.05,9.398103543721051,0.92572
3,-168.80999999999997,69.80479968411619,0.48351,852.9799999999999,9.384014694858376,0.92774
4,-256.28000000000003,69.33950198322275,0.4808,844.8449999999999,8.971451896390088,0.92767
