rep,vsRand,vsRand_se,vsRand_win,vsTAG,vsTAG_se,vsTAG_win
0,-371.37,46.849902266327334,0.30554,226.0,14.514794066484988,0.55778
1,-295.21,47.10003338311393,0.30667,236.875,14.623161960137317,0.55833
2,-244.205,46.211107634901346,0.30689,246.97,14.733793776138933,0.5567
3,-296.18,46.285218453524365,0.30675,241.42,15.335048597026182,0.55927
4,-238.68,46.993919317934406,0.30699,243.68,13.586839095167276,0.55904
