rep,vsRand,vsRand_se,vsRand_win,vsTAG,vsTAG_se,vsTAG_win
0,-86.38,70.74528559494505,0.48558,920.765,16.50306840137362,0.92505
1,-135.18,71.67992776082043,0.47992,914.015,16.356511429776567,0.92856
2,-124.795,71.40510187630494,0.48113,923.5799999999999,16.660647514660287,0.92537
3,-155.365,70.18077297648341,0.48237,913.9350000000001,17.029038523630167,0.92648
4,-143.4,70.3034020519875,0.48108,888.5450000000001,15.900483674516343,0.92686
