rep,vsRand,vsRand_se,vsRand_win,vsTAG,vsTAG_se,vsTAG_win
0,625.28,36.21462431402736,0.20181,-173.495,25.060841971245758,0.42696
1,580.065,34.67435715436106,0.20226,-95.68,24.9580324226455,0.42836
2,618.235,35.471013684075444,0.20315,-99.3,25.12174269670719,0.42693
3,581.74,35.22128321217032,0.20212,-79.19500000000001,24.942491411214874,0.42891
4,643.76,35.26659492992171,0.20445,-65.35000000000001,25.29637904607947,0.42835
