rep,vsRand,vsRand_se,vsRand_win,vsTAG,vsTAG_se,vsTAG_win
0,-412.91499999999996,18.532540882956816,0.38407,698.68,10.673211876024832,0.87701
1,-394.555,19.27680223664689,0.38103,705.28,11.347585156890823,0.87978
2,-418.655,18.23795578292867,0.38326,688.615,10.585614737470076,0.87602
3,-363.46,19.984817042272915,0.38153,678.9150000000001,11.003939298930677,0.87896
4,-380.935,19.65580000311581,0.37923,693.1800000000001,11.131262458770758,0.87919
