rep,vsRand,vsRand_se,vsRand_win,vsTAG,vsTAG_se,vsTAG_win
0,-229.47500000000002,69.53953188445186,0.48422,868.02,12.55751526807342,0.92477
1,-231.975,70.40518176874446,0.4817,879.37,12.065216107695594,0.92751
2,-299.245,70.51489043313813,0.48233,868.9,12.515713896176411,0.92608
3,-136.065,70.298623792524,0.4843,866.3199999999999,12.518978146164256,0.92701
4,-214.76999999999998,69.55996890715049,0.48152,889.655,13.19450665086829,0.92709
