rep,vsRand,vsRand_se,vsRand_win,vsTAG,vsTAG_se,vsTAG_win
0,-634.435,60.6760501609851,0.47161,909.72,10.160407351812994,0.92363
1,-575.38,61.814869484104655,0.47133,905.7049999999999,9.30445459221026,0.92648
2,-521.1,61.84484615349897,0.4722,920.575,10.304666591175357,0.92451
3,-686.8499999999999,60.9949651580583,0.47212,906.7800000000001,9.890499407804711,0.92493
4,-531.205,60.223712991111846,0.46985,895.9599999999999,9.312766724246915,0.92526
