rep,vsRand,vsRand_se,vsRand_win,vsTAG,vsTAG_se,vsTAG_win
0,-8.425,87.4626420955334,0.51069,935.745,14.371012602102265,0.92695
1,45.949999999999996,88.58936937770054,0.50871,926.175,13.72540008742279,0.93086
2,-105.225,88.91685731102336,0.5093,897.6899999999999,13.532834441279482,0.92768
3,37.285,87.67285890507755,0.50914,932.7800000000001,14.26102375301243,0.9288
4,15.445,88.62816983919187,0.50822,908.335,13.255116267269125,0.92935
