rep,vsRand,vsRand_se,vsRand_win,vsTAG,vsTAG_se,vsTAG_win
0,-691.975,65.49551532447872,0.48077,952.525,11.524277171840033,0.92529
1,-680.5649999999999,66.89586749851318,0.47715,949.11,10.618861976751408,0.92828
2,-688.7299999999999,65.98611370237693,0.47987,948.67,11.468956695387632,0.92533
3,-561.76,66.56268333632688,0.4791,935.76,11.095344216861093,0.9274
4,-570.3549999999999,65.48461963769692,0.47789,951.5,10.994111433165575,0.9263
