rep,vsRand,vsRand_se,vsRand_win,vsTAG,vsTAG_se,vsTAG_win
0,1142.75,106.48377159131397,0.56325,1191.735,16.192548406103,0.93615
1,1402.4950000000001,106.59938760163737,0.56436,1194.9650000000001,15.699083607013849,0.93806
2,1294.665,107.47058039125984,0.56296,1194.975,15.801932461077188,0.93646
3,1564.495,106.56666572381901,0.56422,1186.645,15.709529888989145,0.93802
4,1369.905,106.51153916355494,0.56388,1174.7549999999999,15.673250728793757,0.93557
