rep,vsRand,vsRand_se,vsRand_win,vsTAG,vsTAG_se,vsTAG_win
0,-224.25500000000002,25.401935448563663,0.27311,185.295,15.619646998683216,0.50582
1,-203.48,25.100026075864744,0.26968,162.125,14.945812578006127,0.51009
2,-179.28,25.86462210438741,0.27279,184.455,14.811881462126086,0.50849
3,-169.17,25.067865866283686,0.27155,217.035,15.818667307649651,0.50845
4,-191.655,25.76957021987839,0.27074,198.92499999999998,15.477004193975596,0.51031
