rep,vsRand,vsRand_se,vsRand_win,vsTAG,vsTAG_se,vsTAG_win
0,-431.67,16.997338003522554,0.44085,847.76,12.653727948407532,0.92583
1,-452.115,16.91512655828548,0.44011,836.135,11.951808903890269,0.92905
2,-411.88,17.232136203070738,0.44191,848.8299999999999,13.297332232498553,0.92539
3,-412.40500000000003,17.3416205551207,0.44172,834.0849999999999,12.996412435557435,0.92747
4,-441.95,16.28562262211801,0.43804,837.735,12.524507748039174,0.92671
