rep,vsRand,vsRand_se,vsRand_win,vsTAG,vsTAG_se,vsTAG_win
0,1123.095,99.63857676457219,0.5461,909.5649999999999,13.558441223866193,0.93285
1,1197.725,99.20847240258118,0.54255,908.58,13.271109036525566,0.93505
2,1194.46,99.56310501989584,0.54462,921.02,13.892453044675587,0.93388
3,1160.4699999999998,99.68316688954364,0.54373,918.0350000000001,13.558242166558925,0.93548
4,1163.49,99.80027585708173,0.54378,910.4100000000001,13.292101155142147,0.93402
