rep,vsRand,vsRand_se,vsRand_win,vsTAG,vsTAG_se,vsTAG_win
0,415.315,110.11972131747329,0.56299,1105.225,13.85382514970009,0.93638
1,209.31,109.84461366689999,0.56122,1100.465,12.79813973831969,0.93975
2,413.09000000000003,109.8218406096244,0.56196,1102.065,13.730088765595255,0.93752
3,559.355,110.8345250260907,0.5605,1093.175,13.608582260061526,0.93928
4,392.09,110.09281247471418,0.56174,1104.43,13.065942405334157,0.9392
