rep,vsRand,vsRand_se,vsRand_win,vsTAG,vsTAG_se,vsTAG_win
0,-247.97,64.56376571723057,0.47364,873.76,13.371059138161971,0.92565
1,-311.39,64.86579636753396,0.46975,866.2950000000001,12.625232619430697,0.929
2,-308.52000000000004,64.93562751258514,0.47316,867.95,13.550594605445976,0.92527
3,-346.16999999999996,64.44683543244751,0.47325,860.775,13.4773701213851,0.92739
4,-324.2,63.84707047378196,0.47165,879.675,13.606037086021846,0.92678
