rep,vsRand,vsRand_se,vsRand_win,vsTAG,vsTAG_se,vsTAG_win
0,245.75,84.29157799018951,0.50826,911.535,12.28816399742021,0.92878
1,177.10999999999999,83.65675379192973,0.50345,877.015,10.922264639551567,0.93208
2,269.58,83.60652915145543,0.50488,898.36,11.724820587888676,0.92934
3,158.075,83.3334545221196,0.50456,888.5,11.556304036396316,0.93159
4,414.33,83.36487661801901,0.50568,891.515,11.451556506834093,0.93033
