rep,vsCFR,vsCFR_se,vsCFR_win,vsRand,vsRand_se,vsRand_win,vsTAG,vsTAG_se,vsTAG_win
0,-379.5,9.534233399496005,0.21034,751.9,62.88462696608041,0.36121,-129.05,22.370636232093492,0.63504
1,-380.27,9.750428092113689,0.21208,706.8149999999999,63.31767440325542,0.36002,-156.515,22.71427447510484,0.63392
2,-368.17,9.721674424734465,0.21223,828.8,62.61311172284601,0.36221,-158.165,22.284303427065925,0.63333
3,-374.46000000000004,9.824592221060529,0.2099,808.9849999999999,63.0491558996498,0.36366,-190.0,23.397706608271356,0.6348
4,-390.89000000000004,9.5536910568182,0.21164,701.705,62.86729156638798,0.35994,-163.02,22.821787904019075,0.63396
