rep,vsRand,vsRand_se,vsRand_win,vsTAG,vsTAG_se,vsTAG_win
0,1510.665,109.89134974448731,0.5761,1184.115,16.462868885108367,0.93706
1,1764.145,109.84141933061386,0.57615,1178.205,15.874540144205685,0.93919
2,1739.315,109.6107157325313,0.57348,1182.76,16.273779099608728,0.93771
3,1652.085,109.91100686838445,0.57324,1175.435,16.060457029317373,0.93926
4,1638.185,110.05984306616246,0.57574,1175.57,16.079696431132433,0.93823
