rep,vsRand,vsRand_se,vsRand_win,vsTAG,vsTAG_se,vsTAG_win
0,-623.49,9.87708599574174,0.4372,813.96,9.131770095455249,0.92535
1,-628.485,9.73898554912909,0.43585,797.91,7.979704447899731,0.92839
2,-620.4,9.941228630318626,0.43629,807.59,8.926484791915986,0.92513
3,-613.2950000000001,9.853973231018763,0.43749,810.515,8.877334477106524,0.92709
4,-630.985,9.192205897620147,0.43378,805.475,8.62221947473136,0.92648
