rep,vsRand,vsRand_se,vsRand_win,vsTAG,vsTAG_se,vsTAG_win
0,-341.375,19.410213127564738,0.38678,726.775,13.367295644208607,0.8781
1,-330.20500000000004,20.097367007181717,0.38358,746.625,14.151789244655186,0.88062
2,-334.745,19.385208038931566,0.38451,750.21,13.976712884080806,0.87724
3,-310.69,20.420879936045203,0.3824,739.68,14.712737665794773,0.87954
4,-306.755,20.448548117921508,0.38104,752.79,14.906889156106418,0.87951
