rep,vsCFR,vsCFR_se,vsCFR_win,vsRand,vsRand_se,vsRand_win,vsTAG,vsTAG_se,vsTAG_win
0,-428.94,9.894588611601693,0.21088,616.9,62.5873738520291,0.3576,-154.93,24.858194750413038,0.63876
1,-430.97999999999996,10.091272503198361,0.21145,709.98,62.70951848669456,0.35963,-158.315,24.554846120723912,0.63963
2,-434.35,9.824762899666348,0.20901,633.26,62.64610014248796,0.36018,-142.465,24.205557653728267,0.63825
3,-421.20000000000005,9.948889154270141,0.21077,554.6999999999999,62.4935203321179,0.35938,-125.88,24.703768842384154,0.64159
4,-437.705,10.043812877165779,0.21069,602.4150000000001,63.25570171546391,0.35914,-199.685,25.16116978306848,0.63828
