rep,vsRand,vsRand_se,vsRand_win,vsTAG,vsTAG_se,vsTAG_win
0,-314.89,19.554599630334213,0.42767,765.9749999999999,12.60317564719757,0.8973
1,-308.53000000000003,19.848572544375084,0.42322,758.36,12.23709518509134,0.90146
2,-340.565,18.612351920275685,0.42519,772.46,13.404503060204169,0.89778
3,-305.225,19.766518640022106,0.42378,751.735,13.227065791415889,0.89862
4,-287.995,19.88433221575285,0.42548,759.51,12.72124262401826,0.89861
