rep,vsRand,vsRand_se,vsRand_win,vsTAG,vsTAG_se,vsTAG_win
0,-274.01,21.58086866967883,0.24245,103.05,12.53548875631834,0.46124
1,-206.125,22.39252027113944,0.24266,82.55999999999999,11.991754520743193,0.46144
2,-225.67000000000002,21.5948140503904,0.24219,72.34500000000001,11.913903911850815,0.4595
3,-302.02000000000004,21.663141095252577,0.23962,87.245,13.481964832082424,0.46078
4,-240.04500000000002,22.28385120844233,0.24273,89.765,12.889218702750668,0.46051
