rep,vsRand,vsRand_se,vsRand_win,vsTAG,vsTAG_se,vsTAG_win
0,167.71,36.72152254824386,0.27814,128.055,14.957631212095876,0.49981
1,222.64999999999998,37.54919532021548,0.27844,146.595,13.900016408778502,0.50163
2,261.865,36.8957952240469,0.28065,141.21,14.8722294626963,0.50076
3,196.41,36.7286941108544,0.2777,126.61500000000001,15.260582894229586,0.50176
4,208.19,38.17715736133901,0.27616,134.795,14.47642130319118,0.50153
