rep,vsRand,vsRand_se,vsRand_win,vsTAG,vsTAG_se,vsTAG_win
0,-369.65,17.73184093535777,0.44065,791.685,9.779324105455835,0.92527
1,-395.925,16.669155274072093,0.43918,777.1850000000001,8.873736371434633,0.92892
2,-373.695,17.100580977512067,0.43992,783.8000000000001,9.988389423687522,0.92515
3,-366.12,17.19450400464287,0.4396,778.095,9.688562607126194,0.92692
4,-403.105,16.15797943409831,0.4379,794.5550000000001,9.926773591056122,0.9271
