rep,vsRand,vsRand_se,vsRand_win,vsTAG,vsTAG_se,vsTAG_win
0,-432.755,16.553161213835008,0.24571,105.585,7.352542667444152,0.46295
1,-427.075,16.77111228111664,0.24566,97.305,6.802834347189527,0.46414
2,-419.98,16.213702440758816,0.24698,98.66,6.910140341874066,0.46326
3,-461.075,16.37987351740893,0.24419,90.465,6.643005880851026,0.46357
4,-455.035,16.449887916817996,0.24546,104.495,6.787263337987275,0.46401
