rep,vsRand,vsRand_se,vsRand_win,vsTAG,vsTAG_se,vsTAG_win
0,-366.925,20.62045555936204,0.41257,800.2249999999999,15.78625403798873,0.90282
1,-368.59,20.793927911613522,0.40883,802.53,15.935585819791944,0.90653
2,-341.285,20.515972546751115,0.41128,805.725,15.459246007701061,0.90323
3,-350.44,20.459216843748894,0.41034,803.935,16.033999221936504,0.90435
4,-360.485,21.285259248370988,0.40924,821.575,16.69389580221826,0.90471
