rep,vsRand,vsRand_se,vsRand_win,vsTAG,vsTAG_se,vsTAG_win
0,-312.08000000000004,64.7409211751327,0.4657,795.5,10.60806640301276,0.92497
1,-335.215,64.82256400117005,0.46266,781.715,9.882161613682078,0.92871
2,-351.585,64.98363281321755,0.46493,787.91,10.799853919727195,0.92515
3,-313.485,63.76555423586328,0.46633,784.205,10.423206637696294,0.92692
4,-264.56,63.76565525933146,0.46475,795.25,10.602867469839742,0.92705
