rep,vsRand,vsRand_se,vsRand_win,vsTAG,vsTAG_se,vsTAG_win
0,670.235,84.96745359329918,0.51674,928.505,15.218929850945765,0.92877
1,649.74,85.87251027077409,0.512,921.18,15.544046778426216,0.93008
2,439.38500000000005,85.61156625491977,0.51186,915.965,16.206283738848835,0.92712
3,629.0799999999999,84.86672320257847,0.51501,900.5300000000001,15.607698202919991,0.92998
4,665.665,85.72678208640178,0.51587,922.9300000000001,15.434439878736892,0.92815
