rep,vsRand,vsRand_se,vsRand_win,vsTAG,vsTAG_se,vsTAG_win
0,85.945,77.25475999929826,0.49716,942.215,14.0808847964507,0.92752
1,-19.715,77.62048561807396,0.4919,931.605,13.139763040994222,0.93123
2,91.695,78.05670069734556,0.49302,927.28,13.93214481200187,0.92767
3,104.4,77.5823874772391,0.49669,927.175,14.04021942390377,0.9302
4,-12.765,77.36394119576461,0.49203,928.1049999999999,13.821631468995063,0.92862
