rep,vsRand,vsRand_se,vsRand_win,vsTAG,vsTAG_se,vsTAG_win
0,-445.03,17.572940023604776,0.26578,166.47500000000002,10.464641935157566,0.50999
1,-402.89000000000004,17.888771521836414,0.26663,163.69,10.263564646193467,0.51243
2,-385.79,17.891399100702486,0.26858,147.24,10.086174752264176,0.51001
3,-417.79,18.275898206204598,0.2659,158.69,10.465759416315741,0.51101
4,-397.96,18.82990504589018,0.26488,150.66,10.52363640160715,0.51052
