rep,vsRand,vsRand_se,vsRand_win,vsTAG,vsTAG_se,vsTAG_win
0,-367.69,18.913585537284536,0.38319,773.08,14.67420956850026,0.87676
1,-350.24499999999995,19.798376932391236,0.38028,790.47,15.295115599321631,0.87936
2,-360.965,19.180269719563775,0.38307,775.89,14.604603042304856,0.87554
3,-309.075,21.010652439153553,0.38084,781.5699999999999,15.783091408553146,0.87854
4,-298.21999999999997,21.014466788242423,0.38012,784.005,15.558096192764763,0.87892
