rep,vsRand,vsRand_se,vsRand_win,vsTAG,vsTAG_se,vsTAG_win
0,1190.6950000000002,108.81755208497462,0.56581,834.6949999999999,11.835912235984793,0.93365
1,1193.98,109.2619332123338,0.56376,830.8950000000001,11.70825908592128,0.93642
2,1241.505,109.91023897233622,0.56561,824.92,11.148334529858165,0.93464
3,1392.25,109.49917374147394,0.56514,825.27,11.474145320288928,0.93638
4,1308.0149999999999,109.65063212407395,0.56529,815.095,10.625072015346687,0.93545
