rep,vsRand,vsRand_se,vsRand_win,vsTAG,vsTAG_se,vsTAG_win
0,1021.6,88.54015093720632,0.5262,850.975,13.248116681993187,0.9309
1,1086.6299999999999,89.6863745999853,0.52341,846.9,13.120250581058013,0.93274
2,884.335,89.62508336193292,0.52309,834.055,13.197700154293686,0.93027
3,975.9250000000001,88.85406535096209,0.52568,828.825,12.474464810823473,0.93259
4,979.475,89.49431911901054,0.52468,822.255,12.989146597411366,0.93065
