rep,vsCFR,vsCFR_se,vsCFR_win,vsRand,vsRand_se,vsRand_win,vsTAG,vsTAG_se,vsTAG_win
0,-611.6,3.132355745525269,0.07843,-193.645,25.0647964998718,0.20183,-128.08,11.275487860942647,0.44347
1,-622.1,3.119962057723205,0.07649,-263.775,24.118247643484462,0.20117,-124.2,9.846139500567247,0.44148
2,-625.6850000000001,2.684740189673641,0.07586,-249.57999999999998,24.453922552001377,0.20073,-126.63499999999999,11.168809613868072,0.44408
3,-616.29,2.663557265082364,0.07725,-222.665,23.767481501192318,0.20249,-130.74,11.401303452728737,0.44352
4,-618.26,2.619830979117468,0.07894,-227.98499999999999,24.249405842918858,0.20243,-118.56,10.646087011465129,0.44244
