rep,vsRand,vsRand_se,vsRand_win,vsTAG,vsTAG_se,vsTAG_win
0,-557.1500000000001,71.70891583660364,0.4904,927.255,10.611500020688728,0.92718
1,-490.765,71.4077111575485,0.4876,902.11,9.766687225502492,0.93035
2,-383.525,71.8503356669341,0.48902,917.3050000000001,10.181845464822214,0.92789
3,-367.79,72.22737308730832,0.48921,908.6999999999999,10.567471779692534,0.92999
4,-409.295,72.07628667558255,0.48841,906.0500000000001,9.957385473619803,0.92909
