rep,vsRand,vsRand_se,vsRand_win,vsTAG,vsTAG_se,vsTAG_win
0,201.69500000000002,110.24107490956227,0.5621,1044.9850000000001,12.917567771578412,0.93684
1,211.925,110.07730430507905,0.56085,1054.635,12.153797855640562,0.93964
2,355.08,110.01242615848034,0.56341,1035.5449999999998,12.735488308517052,0.93778
3,340.65000000000003,111.09753531198847,0.55978,1032.7450000000001,12.325233132215699,0.93824
4,467.86499999999995,109.9989999782621,0.56326,1025.015,11.46394267769894,0.93896
