rep,vsCFR,vsCFR_se,vsCFR_win,vsRand,vsRand_se,vsRand_win,vsTAG,vsTAG_se,vsTAG_win
0,-604.465,6.8701395637880776,0.08358,312.315,43.54513268085827,0.26441,-119.17999999999999,19.10927164804114,0.46283
1,-614.22,7.36467109243875,0.08367,377.365,43.103988923374146,0.26483,-87.325,18.054392209502108,0.46316
2,-608.54,7.460814119214685,0.08192,281.205,43.5670098047041,0.2635,-116.075,18.439119853050457,0.46331
3,-607.475,7.218312634135684,0.08234,332.625,43.58925706326116,0.2656,-97.415,19.09609056284814,0.46249
4,-610.515,6.884211158250646,0.08388,275.675,43.3325580256878,0.2637,-131.825,18.90530932835953,0.46179
