rep,vsRand,vsRand_se,vsRand_win,vsTAG,vsTAG_se,vsTAG_win
0,-348.91499999999996,64.24904464367643,0.47584,919.335,13.685676072267878,0.92517
1,-408.685,65.07649299253265,0.47039,916.5450000000001,13.00020067852519,0.92867
2,-347.46,64.86423312713558,0.47287,903.37,13.430263592007474,0.92504
3,-363.58000000000004,64.55978644246164,0.47395,912.1550000000001,13.679052552152038,0.92741
4,-336.615,63.8558666383504,0.47271,927.5250000000001,13.777906119970499,0.92703
