rep,vsRand,vsRand_se,vsRand_win,vsTAG,vsTAG_se,vsTAG_win
0,-365.19,65.62330170614906,0.47431,852.8299999999999,9.781997075529508,0.92284
1,-493.425,66.09549817379802,0.47137,868.65,10.08013084564772,0.92639
2,-448.13,66.20413827632113,0.47283,849.78,9.82050426093484,0.92316
3,-472.57500000000005,65.40764699403735,0.473,865.7,10.936781118400985,0.92415
4,-417.74,64.9201623472923,0.47355,845.6,9.705874429436246,0.92456
