rep,vsRand,vsRand_se,vsRand_win,vsTAG,vsTAG_se,vsTAG_win
0,95.36500000000001,101.39085427799226,0.5449,1111.38,13.716033546611152,0.93357
1,-20.68,102.03168516702927,0.54104,1083.31,12.316692390740075,0.9368
2,98.775,101.86689441931335,0.5438,1101.9950000000001,13.139466186092436,0.93437
3,82.48,102.33753099522431,0.54175,1103.4550000000002,13.73064386456656,0.93624
4,21.615,102.4917208775725,0.54519,1081.075,12.951788329491773,0.93593
