rep,vsRand,vsRand_se,vsRand_win,vsTAG,vsTAG_se,vsTAG_win
0,-465.09499999999997,6.315788969056282,0.24474,104.965,8.788576157629787,0.46353
1,-451.685,6.839967065654965,0.24571,89.505,8.140164382401114,0.46481
2,-451.615,7.198331895485978,0.24513,98.33,8.8332832163315,0.46325
3,-462.48499999999996,6.68921510371262,0.24344,102.02,8.632207964718148,0.46459
4,-469.92,6.153785877555886,0.24424,100.53,8.360480618203816,0.46473
