rep,vsRand,vsRand_se,vsRand_win,vsTAG,vsTAG_se,vsTAG_win
0,-295.565,73.91453559276057,0.49405,981.355,13.310844091396088,0.92639
1,-373.815,74.61617166666011,0.4894,970.82,11.89437682428131,0.93023
2,-279.14,74.51301886585864,0.49267,982.275,12.942175560655649,0.92644
3,-225.99,73.7583831722868,0.49214,965.835,12.73990877441851,0.92826
4,-198.215,74.80348714301115,0.49234,995.555,13.136614979753395,0.9296
