rep,vsRand,vsRand_se,vsRand_win,vsTAG,vsTAG_se,vsTAG_win
0,-106.17,72.72433030006653,0.49555,916.275,14.390067650439306,0.92652
1,-141.725,73.42570005507633,0.48971,890.125,13.368312794126998,0.92934
2,-163.25500000000002,74.12320180308056,0.49148,891.915,13.768202386721352,0.92445
3,-13.915000000000001,72.9617384173409,0.4928,893.02,13.957686089248806,0.92796
4,-195.02,73.24148459136154,0.49039,898.655,14.031139855286398,0.92708
