rep,vsRand,vsRand_se,vsRand_win,vsTAG,vsTAG_se,vsTAG_win
0,-405.945,12.267683829085883,0.24661,67.28,10.882854330605726,0.46353
1,-395.67999999999995,11.71384845037937,0.24641,71.42999999999999,10.70686573749476,0.46491
2,-400.90500000000003,11.99981944724243,0.24642,66.61,10.745351818570533,0.46321
3,-421.4,11.73459617573072,0.24509,70.235,11.553942200978582,0.46523
4,-420.445,12.326177605660792,0.24586,62.675,11.085367485901086,0.46473
