rep,vsRand,vsRand_se,vsRand_win,vsTAG,vsTAG_se,vsTAG_win
0,438.01,100.92673597446488,0.53657,963.375,14.06953590606869,0.93332
1,356.02,100.19689187678136,0.53618,937.465,12.99927338541795,0.93535
2,479.7,100.60895860074044,0.53716,922.41,13.469339707280437,0.93345
3,720.8449999999999,101.1511547903478,0.53834,939.83,13.42198000320638,0.93563
4,540.37,100.45123945052181,0.53948,932.91,13.165994939738795,0.9334
