rep,vsRand,vsRand_se,vsRand_win,vsTAG,vsTAG_se,vsTAG_win
0,1298.545,102.24323312873548,0.55121,928.35,16.278753415207426,0.93391
1,1292.115,101.65195174939187,0.549,918.115,15.909255309781004,0.936
2,1452.755,101.41645382811815,0.55166,926.15,16.79629967974581,0.93384
3,1455.495,102.17691162519272,0.55207,913.26,15.933285926638115,0.93622
4,1259.61,102.21430601497296,0.55075,914.6450000000001,16.623928049338637,0.93346
