rep,vsRand,vsRand_se,vsRand_win,vsTAG,vsTAG_se,vsTAG_win
0,806.2850000000001,92.90947229259332,0.53319,930.535,14.595927567262228,0.93002
1,797.23,94.06271801952255,0.5267,923.49,15.036393288625808,0.93132
2,880.59,94.03241427012462,0.53081,910.705,15.229366643620923,0.92889
3,807.055,93.02392370661198,0.52876,910.04,14.805181995441298,0.93196
4,917.3299999999999,93.2945274139885,0.53025,915.14,14.49769428686494,0.92977
