rep,vsRand,vsRand_se,vsRand_win,vsTAG,vsTAG_se,vsTAG_win
0,-159.455,108.5310543389647,0.55794,1144.3600000000001,14.42229288044447,0.93556
1,-88.94000000000001,108.94207695158607,0.55413,1132.415,13.07890852694645,0.93905
2,-74.81500000000001,109.23919779173173,0.55648,1133.99,13.647275525916987,0.93674
3,-134.11,109.34524959464441,0.55396,1139.2450000000001,14.2501566296441,0.93776
4,-103.14,109.03621513224907,0.55725,1126.8100000000002,13.52804392063846,0.93823
