rep,vsCFR,vsCFR_se,vsCFR_win,vsRand,vsRand_se,vsRand_win,vsTAG,vsTAG_se,vsTAG_win
0,-646.66,1.5694212547403414,0.06294,-324.2,13.016339264588892,0.18783,-101.88,5.2939196170558835,0.41814
1,-649.61,1.5747518145513515,0.06293,-324.17,11.577602451275704,0.18992,-103.285,5.100157566568119,0.41694
2,-645.5999999999999,2.0312428853971634,0.06356,-327.72499999999997,11.92138664075385,0.18693,-100.75,4.989347984549996,0.41843
3,-650.6650000000001,1.4251652145308933,0.06157,-295.15999999999997,13.171250531456975,0.18832,-97.38,5.146920075526978,0.41908
4,-648.24,1.4596987124757326,0.06352,-342.04,12.056110064274412,0.18973,-105.78999999999999,6.072051009093597,0.41601
