rep,vsCFR,vsCFR_se,vsCFR_win,vsRand,vsRand_se,vsRand_win,vsTAG,vsTAG_se,vsTAG_win
0,-648.245,1.5242973576616687,0.06401,-324.63,13.0192203542296,0.19026,-87.79,4.812469299393771,0.42263
1,-648.365,1.566485814339876,0.06356,-339.765,12.109861226915003,0.19252,-89.825,4.110329505263102,0.42185
2,-650.575,1.4506783718065779,0.0629,-349.09000000000003,11.775769546254038,0.18946,-101.78,3.9627282707944387,0.42207
3,-649.08,1.452781002672604,0.06343,-317.135,12.509578082940612,0.19083,-93.425,4.460643638217098,0.42183
4,-646.5600000000001,1.4554631042140769,0.06547,-350.645,11.723829592823039,0.1921,-105.105,4.777712073270694,0.42048
