rep,vsRand,vsRand_se,vsRand_win,vsTAG,vsTAG_se,vsTAG_win
0,289.005,98.08962866609428,0.52858,929.625,14.013162108563249,0.93057
1,187.17000000000002,97.75566165498985,0.52571,934.84,13.63492944085185,0.93333
2,349.785,98.07392678224366,0.5285,924.74,14.144382629142907,0.93175
3,412.165,98.12216571561085,0.52605,941.88,14.309866120222221,0.93309
4,262.35,97.63704908849174,0.53041,941.265,14.036548622960076,0.93177
