rep,vsRand,vsRand_se,vsRand_win,vsTAG,vsTAG_se,vsTAG_win
0,296.95500000000004,91.13124629522116,0.52144,908.3299999999999,13.402140212839994,0.92992
1,15.584999999999999,90.52581783841946,0.51718,900.26,13.312266579678116,0.93113
2,67.91,91.43394246108684,0.52071,891.83,12.830574373245627,0.92908
3,245.005,90.55911886739982,0.51935,888.13,12.760056003846227,0.93024
4,10.41,90.96022621974144,0.51886,894.215,12.554039046327429,0.93077
