rep,vsRand,vsRand_se,vsRand_win,vsTAG,vsTAG_se,vsTAG_win
0,27.685000000000002,72.12916148526277,0.4946,905.2249999999999,13.592816104113467,0.92786
1,-65.275,72.35994524846265,0.48797,922.085,13.961044611182082,0.92999
2,-25.0,72.56224261136454,0.48911,916.92,14.477873573982894,0.92682
3,83.36,71.91991612792216,0.49341,906.775,13.752121916356106,0.92986
4,92.61999999999999,72.22173962978702,0.49104,897.4649999999999,13.901968327721935,0.92793
