rep,vsRand,vsRand_se,vsRand_win,vsTAG,vsTAG_se,vsTAG_win
0,-410.13,17.290817608046634,0.4076,740.3349999999999,11.262081700227192,0.90407
1,-380.275,17.852140522440504,0.40664,745.505,11.907109882016181,0.90535
2,-380.425,17.588510077622193,0.40899,744.2950000000001,10.902670003805586,0.90308
3,-380.915,18.04719423178978,0.40584,748.4499999999999,11.64971815686248,0.90501
4,-389.23999999999995,17.470847848036605,0.40478,744.2149999999999,11.349995751619716,0.90388
