rep,vsRand,vsRand_se,vsRand_win,vsTAG,vsTAG_se,vsTAG_win
0,-418.68,10.192779773133283,0.24631,118.375,11.904594314272446,0.464
1,-411.39,10.864177970865066,0.24632,130.725,12.003527631096864,0.46479
2,-397.34000000000003,10.835030374799704,0.24648,136.025,12.408917632336756,0.46371
3,-407.37,10.501368940214231,0.24429,132.48499999999999,12.372737493945344,0.46514
4,-421.21999999999997,10.265838542973967,0.24457,130.97,12.731708037608131,0.46488
