rep,vsRand,vsRand_se,vsRand_win,vsTAG,vsTAG_se,vsTAG_win
0,881.55,84.8264731748321,0.52119,863.34,12.907682074120252,0.93007
1,830.1800000000001,86.15621997638014,0.51522,857.885,12.894286366215034,0.93209
2,854.2650000000001,85.8818601046618,0.51667,854.995,13.285306751953637,0.92979
3,842.4000000000001,84.85253161763188,0.51748,850.33,12.47325918647357,0.93212
4,960.3699999999999,85.7472782109625,0.5203,841.6550000000001,12.709311896237292,0.92995
