rep,vsRand,vsRand_se,vsRand_win,vsTAG,vsTAG_se,vsTAG_win
0,1466.93,97.04371663626854,0.54585,890.4300000000001,12.392533231740755,0.93289
1,1203.725,97.39286390667002,0.53825,886.76,12.210833635283901,0.93463
2,1282.455,97.65162863534586,0.53935,901.965,12.605098384098504,0.93437
3,1367.195,96.79381433616864,0.54256,878.38,12.676525261242807,0.93517
4,1471.54,96.85048451323051,0.54158,890.83,12.198028817397926,0.93403
