rep,vsRand,vsRand_se,vsRand_win,vsTAG,vsTAG_se,vsTAG_win
0,-369.57,18.376321912805903,0.43478,826.13,11.652692825415969,0.9212
1,-385.565,17.869214151604258,0.43568,840.21,12.019455737767926,0.92337
2,-375.435,17.820431708732894,0.43558,832.8299999999999,12.318707700753118,0.92039
3,-339.96999999999997,18.668331180287396,0.43639,834.195,13.178326855209543,0.92222
4,-383.235,18.208219290755682,0.43248,827.785,11.864581856128607,0.92243
