rep,vsRand,vsRand_se,vsRand_win,vsTAG,vsTAG_se,vsTAG_win
0,-600.4399999999999,50.24594575301221,0.26213,89.89,13.905992652281835,0.45545
1,-696.765,50.1052608587103,0.26037,91.86,13.400521002693567,0.45779
2,-636.8000000000001,51.223852807368594,0.26181,105.55000000000001,13.306014146810632,0.45598
3,-729.62,50.529322464092935,0.26028,87.39,13.076027290576333,0.45602
4,-711.6,50.63806469974899,0.26256,75.42999999999999,12.99856118102799,0.45566
