rep,vsRand,vsRand_se,vsRand_win,vsTAG,vsTAG_se,vsTAG_win
0,566.96,83.02175973628778,0.51288,818.275,8.125841220249468,0.9291
1,639.55,83.87122570822496,0.50962,821.14,8.487300003335186,0.93171
2,618.8900000000001,84.05688316417087,0.50913,818.235,8.735531062435724,0.92926
3,573.4399999999999,83.55363623305257,0.51075,816.155,8.22168541850521,0.93184
4,620.05,84.08855058102968,0.51224,806.7950000000001,7.542397639833872,0.93048
