rep,vsRand,vsRand_se,vsRand_win,vsTAG,vsTAG_se,vsTAG_win
0,1315.81,102.10248008546803,0.55185,917.935,12.692418576955431,0.93274
1,1326.3,102.37373167424036,0.54714,903.495,12.106818682062434,0.93465
2,1277.265,102.80250045470072,0.55105,924.255,12.627525351141248,0.93352
3,1373.1100000000001,102.43116840455157,0.54948,896.985,12.62156872729065,0.93502
4,1295.2250000000001,102.0155621400134,0.54866,888.3950000000001,11.708586129402708,0.93337
