rep,vsCFR,vsCFR_se,vsCFR_win,vsRand,vsRand_se,vsRand_win,vsTAG,vsTAG_se,vsTAG_win
0,-419.71999999999997,9.107561731484827,0.20479,765.9899999999999,59.91732507428415,0.35934,0.57,23.260800876142977,0.63939
1,-397.34000000000003,9.322965108847301,0.20691,903.5600000000001,59.18059789065727,0.36048,-68.15,23.126865423010592,0.63963
2,-419.14,9.064879388297632,0.2052,665.1550000000001,58.60246416105561,0.35915,-26.38,23.052136668127957,0.63699
3,-398.66,9.239759508534718,0.20632,778.8199999999999,59.76105636545073,0.36019,-61.11,24.72106727046124,0.63734
4,-397.6,9.605522633394322,0.20628,810.48,59.22149350994903,0.35953,-16.68,23.32434475020853,0.63789
