rep,vsRand,vsRand_se,vsRand_win,vsTAG,vsTAG_se,vsTAG_win
0,724.5,104.75719921899343,0.54821,959.625,15.240918491013408,0.93429
1,614.65,104.88094704904955,0.54777,934.805,13.9502264213855,0.93605
2,621.0400000000001,104.89047532212889,0.54591,932.64,14.961577951277327,0.93456
3,746.41,105.00813843798194,0.54502,941.5949999999999,14.841705303701229,0.93595
4,551.275,105.52969865832432,0.54562,961.73,14.95300939596775,0.93473
