rep,vsRand,vsRand_se,vsRand_win,vsTAG,vsTAG_se,vsTAG_win
0,-396.76,63.83718443732593,0.4748,896.15,13.020322463862813,0.9236
1,-456.6,64.43703427155735,0.47188,883.675,12.094098669019372,0.92705
2,-409.59499999999997,64.49022704451886,0.47316,871.62,12.391883284784175,0.92424
3,-410.52,64.46799240333489,0.47427,863.265,11.938387062271289,0.92586
4,-394.895,63.333999686936814,0.47312,874.815,12.06351389278532,0.92625
