rep,vsRand,vsRand_se,vsRand_win,vsTAG,vsTAG_se,vsTAG_win
0,673.725,118.1548794041068,0.58286,909.845,11.639377153041957,0.93804
1,657.5649999999999,118.53478988327383,0.58061,880.895,11.059452432405097,0.94095
2,700.145,118.56220757374753,0.57958,888.0,11.940627528980954,0.93956
3,720.8,117.7930582659511,0.57773,906.355,11.934173845926823,0.94015
4,1033.79,118.57713897601795,0.58331,898.755,10.891122791765165,0.9403
