rep,vsCFR,vsCFR_se,vsCFR_win,vsRand,vsRand_se,vsRand_win,vsTAG,vsTAG_se,vsTAG_win
0,-336.4,12.09818226264345,0.26934,1422.625,74.3707665430639,0.41036,-212.76500000000001,27.263145789489027,0.71697
1,-319.90000000000003,11.76043464240288,0.26771,1435.695,74.1472909274322,0.40884,-221.785,27.61982291188571,0.71442
2,-301.35,11.843453231589361,0.27159,1160.425,74.4950673423706,0.40803,-183.585,27.01351953707861,0.71495
3,-325.03,12.21113410412649,0.26997,1288.89,74.23639495626361,0.40603,-250.72,27.263819944658884,0.712
4,-330.28499999999997,11.882346362957986,0.26831,1380.585,74.29209560062522,0.40776,-214.57999999999998,27.7972801029851,0.71155
