rep,vsRand,vsRand_se,vsRand_win,vsTAG,vsTAG_se,vsTAG_win
0,340.54499999999996,30.974930354931466,0.19425,-91.78,19.09643451155504,0.41749
1,267.415,29.770038289017144,0.19299,-58.985,18.365892457427915,0.4186
2,283.01,30.4394254049775,0.19411,-35.97,18.6327865172747,0.41735
3,312.09999999999997,30.41884923799533,0.19404,-39.129999999999995,18.819845384508422,0.41859
4,318.815,30.548802386526095,0.19572,-30.044999999999998,19.23597796339536,0.41764
