rep,vsRand,vsRand_se,vsRand_win,vsTAG,vsTAG_se,vsTAG_win
0,-72.48,81.73597509170756,0.50234,812.4200000000001,6.7883759660527465,0.9279
1,-174.42,82.56232761989827,0.49935,820.235,6.506872815853128,0.93154
2,-158.845,82.26470526584941,0.50185,808.0749999999999,6.783478687191477,0.92875
3,-68.42,82.49150492941594,0.50048,809.79,6.394940227367658,0.92988
4,-86.615,82.13325673645464,0.49962,823.6099999999999,6.980906317200517,0.93064
