rep,vsRand,vsRand_se,vsRand_win,vsTAG,vsTAG_se,vsTAG_win
0,25.185,24.527237879788462,0.2137,-100.22,20.001410202285754,0.44937
1,80.905,24.933875266213793,0.21343,-91.13000000000001,18.999933242136194,0.45094
2,31.085,24.79347312078007,0.21286,-81.75,20.120788201165936,0.44771
3,27.42,24.35366835710022,0.21314,-100.975,20.015191020134324,0.44825
4,64.07499999999999,25.133929976987496,0.21371,-83.1,18.775180930531395,0.44931
