rep,vsRand,vsRand_se,vsRand_win,vsTAG,vsTAG_se,vsTAG_win
0,-501.575,65.70999983438237,0.47508,885.7850000000001,11.885761946594778,0.9228
1,-507.27,66.20039460904644,0.4712,892.66,11.698313970376136,0.92691
2,-547.45,66.35589850215021,0.47266,868.39,11.371113890086185,0.9231
3,-468.52,66.28538132660756,0.47338,866.0949999999999,11.417831369331122,0.92414
4,-471.445,65.1963352247733,0.47485,865.915,11.099924288522967,0.92464
