rep,vsRand,vsRand_se,vsRand_win,vsTAG,vsTAG_se,vsTAG_win
0,1958.045,110.95018576918639,0.57877,1149.87,16.145810500032727,0.93711
1,1915.915,111.12796280130809,0.5759,1148.155,15.737850957461681,0.9384
2,1729.615,110.94083095595363,0.57572,1142.52,15.802407337389344,0.93716
3,1805.055,111.3676044319124,0.5758,1170.43,16.14619593425744,0.93879
4,1914.01,111.19941821028156,0.57449,1145.0849999999998,16.01259324591662,0.93636
