rep,vsRand,vsRand_se,vsRand_win,vsTAG,vsTAG_se,vsTAG_win
0,167.795,33.17064102928993,0.27083,107.16000000000001,13.82656606259453,0.48583
1,174.345,33.34732123646645,0.27104,123.27499999999999,13.591157233263818,0.48786
2,172.7,34.26760992235813,0.27054,134.305,13.732797696284454,0.48616
3,210.31,33.48013748829389,0.27098,108.61,14.072974780237177,0.48803
4,205.01500000000001,33.83372224135791,0.27223,128.53,14.103167707447637,0.48684
