rep,vsRand,vsRand_se,vsRand_win,vsTAG,vsTAG_se,vsTAG_win
0,-139.9,31.388384510943244,0.28465,182.14,15.056700078243319,0.52173
1,-138.13500000000002,31.228712982492496,0.28093,183.795,14.442302613530773,0.52471
2,-102.87,32.0398056036929,0.28387,195.645,14.33008055985166,0.52295
3,-141.51,31.2181468848801,0.28307,203.975,14.701817181152615,0.52361
4,-163.49,31.18207952365964,0.28237,218.005,14.4702784040018,0.52445
