rep,vsRand,vsRand_se,vsRand_win,vsTAG,vsTAG_se,vsTAG_win
0,62.615,71.68466820411673,0.49577,825.17,11.667062865801277,0.92774
1,-64.755,71.97111845260335,0.48847,828.61,11.574821572877243,0.92992
2,-70.94,71.93489884236102,0.48943,817.55,11.85404045706575,0.92673
3,61.695,71.47637372579668,0.4935,812.145,11.241854552638893,0.92971
4,69.375,71.84319007765004,0.49243,795.18,10.993099933979567,0.92792
