rep,vsCFR,vsCFR_se,vsCFR_win,vsRand,vsRand_se,vsRand_win,vsTAG,vsTAG_se,vsTAG_win
0,-648.3149999999999,1.4763039668320426,0.0631,-341.59499999999997,12.206545111422214,0.18555,-116.295,4.684863841056866,0.41821
1,-651.43,1.4233797143060987,0.06275,-377.65,10.67994594496872,0.18684,-108.11500000000001,4.277787916954816,0.41757
2,-653.435,1.4226989310716742,0.06054,-360.59000000000003,10.751818661744874,0.18478,-102.965,3.6592268291484564,0.41972
3,-653.835,1.3790728574551314,0.06131,-346.14,11.454694806250012,0.18468,-102.425,3.4639264111138117,0.41896
4,-651.35,1.4529978964296095,0.06245,-343.685,11.62992836435752,0.18691,-106.46,4.264527470417496,0.41771
