rep,vsRand,vsRand_se,vsRand_win,vsTAG,vsTAG_se,vsTAG_win
0,1816.71,108.11529742332658,0.5765,1179.89,17.94561412517452,0.9366
1,2147.3450000000003,109.82079505075532,0.57402,1150.525,16.950353105125977,0.93877
2,1843.0500000000002,109.18048209616819,0.57149,1159.6850000000002,17.3077837287599,0.93743
3,2055.08,109.46604788742671,0.57354,1158.145,17.31431992445832,0.939
4,1877.205,108.5222673450239,0.57293,1154.0600000000002,17.229201189194352,0.93746
