rep,vsRand,vsRand_se,vsRand_win,vsTAG,vsTAG_se,vsTAG_win
0,-277.24,42.576692069383164,0.32034,298.88,13.42043250182666,0.60193
1,-309.24,43.239266905973615,0.32008,301.85499999999996,12.949364364713988,0.60393
2,-282.57,42.17650211343166,0.32109,314.105,13.429968694317246,0.60318
3,-230.75,42.549352507987564,0.32066,304.33,13.606878186503318,0.60394
4,-258.255,42.85715501415264,0.31986,312.15500000000003,13.159236270192206,0.60215
