rep,vsCFR,vsCFR_se,vsCFR_win,vsRand,vsRand_se,vsRand_win,vsTAG,vsTAG_se,vsTAG_win
0,-511.41499999999996,8.804390788164817,0.19583,247.21,48.857898983705084,0.34578,104.19,19.19210066163363,0.64326
1,-517.4649999999999,8.672521367169908,0.19348,234.88,49.15723017205893,0.34826,64.14,19.86276808250952,0.63926
2,-527.0200000000001,8.428802384864436,0.1917,316.015,49.21730786655936,0.34526,90.855,19.053379201662363,0.64175
3,-511.705,8.249747602993992,0.1954,244.895,48.88762613780346,0.34825,60.355,20.036651726620246,0.63965
4,-525.39,8.702549099120796,0.19443,318.29,49.715894153281745,0.34693,56.865,19.86987133414855,0.63947
