rep,vsRand,vsRand_se,vsRand_win,vsTAG,vsTAG_se,vsTAG_win
0,-218.35,96.05917164133554,0.53232,1055.3,13.744653806301653,0.9336
1,-265.25,95.92097337238778,0.53185,1026.4750000000001,12.205394522927335,0.93673
2,-184.415,96.81925131786554,0.53345,1039.45,13.472215926900065,0.93441
3,-261.33,96.2465895518953,0.53068,1051.535,14.468217227110161,0.93587
4,-157.82,95.8171171434174,0.53453,1032.825,13.031496398830562,0.9342
