rep,vsRand,vsRand_se,vsRand_win,vsTAG,vsTAG_se,vsTAG_win
0,1844.655,101.63842240018695,0.55794,957.8,15.44250874407274,0.93352
1,1530.625,102.07104305860727,0.55146,950.04,14.94865962580746,0.9356
2,1779.67,102.53801581539344,0.55291,967.11,15.94000543653399,0.93492
3,1641.275,101.89009816790244,0.55382,932.71,14.92878592670859,0.93586
4,1771.1950000000002,101.37314127942113,0.5536,945.84,14.898335026031111,0.93472
