rep,vsCFR,vsCFR_se,vsCFR_win,vsRand,vsRand_se,vsRand_win,vsTAG,vsTAG_se,vsTAG_win
0,-425.21,8.767350410661834,0.20732,979.935,62.77400660079614,0.36141,-90.88499999999999,24.99916146090679,0.63322
1,-432.605,8.765059748939194,0.20673,1015.465,63.52720512029199,0.35977,-146.035,25.30665558812386,0.63346
2,-445.925,9.020518147048227,0.20511,911.83,62.92299502998912,0.35703,-34.11,24.66642352274634,0.63384
3,-423.83,8.897416644803675,0.20828,858.8249999999999,62.65554507277894,0.35976,-60.535,24.600628692110092,0.63263
4,-422.91499999999996,8.961191720821544,0.20817,1010.78,63.02571348522444,0.36068,-79.35000000000001,24.520986900265363,0.63312
