rep,vsRand,vsRand_se,vsRand_win,vsTAG,vsTAG_se,vsTAG_win
0,-258.69,71.61266562960623,0.49289,946.485,12.362862324372884,0.92601
1,-474.705,72.47520854187508,0.48459,960.595,11.755831721130773,0.93008
2,-264.79999999999995,72.3173641500544,0.48983,943.5400000000001,11.88267161301896,0.92557
3,-290.235,71.17007140110499,0.48927,946.71,12.04363534197721,0.92782
4,-225.17000000000002,71.74744811959597,0.49016,960.82,11.80664402971617,0.92912
