rep,vsRand,vsRand_se,vsRand_win,vsTAG,vsTAG_se,vsTAG_win
0,1018.7550000000001,139.23279576024427,0.62646,849.055,6.304044612749405,0.94353
1,963.605,139.16988363724698,0.62421,856.21,7.014950923161511,0.94637
2,1169.085,139.21680929696547,0.62426,852.365,7.060634716041889,0.94511
3,1253.22,139.55305334123997,0.62403,851.895,6.618845230164533,0.94555
4,1118.58,140.00913760687956,0.62552,856.615,6.633741213144724,0.94618
