rep,vsRand,vsRand_se,vsRand_win,vsTAG,vsTAG_se,vsTAG_win
0,-317.52000000000004,81.45655137675311,0.49912,885.0,10.277436755196433,0.92491
1,-317.28000000000003,81.1926287075715,0.4941,896.365,10.63988040056369,0.92925
2,-316.96000000000004,81.28274098739426,0.49731,887.6650000000001,10.544050229760026,0.92623
3,-382.34000000000003,81.08529958939594,0.49423,897.435,11.058141888797154,0.92716
4,-205.33499999999998,81.27483839646384,0.49659,876.71,9.936142764087595,0.92799
