rep,vsRand,vsRand_se,vsRand_win,vsTAG,vsTAG_se,vsTAG_win
0,1855.66,105.89505464028984,0.56167,952.56,15.298419358886354,0.93343
1,1963.6299999999999,106.12212583286724,0.55756,927.5,14.089131362018927,0.93651
2,1799.9750000000001,106.73790472365849,0.55832,923.665,15.13497919898483,0.93438
3,1814.595,106.29400481219218,0.55736,930.8349999999999,14.487573500265984,0.9364
4,1790.54,106.22208478653091,0.55947,946.645,14.7418937275391,0.93598
