rep,vsRand,vsRand_se,vsRand_win,vsTAG,vsTAG_se,vsTAG_win
0,315.835,80.79681112998603,0.50639,854.4399999999999,9.801856131765874,0.92889
1,304.865,81.08098568456197,0.50288,848.01,9.348096825993121,0.93116
2,405.16999999999996,81.13182203325933,0.50487,847.77,9.66880525861139,0.92824
3,269.84000000000003,80.2842006205,0.5051,852.325,9.56406350129779,0.93052
4,423.34,81.10442257804203,0.50757,845.45,9.449192338361964,0.92928
