rep,vsRand,vsRand_se,vsRand_win,vsTAG,vsTAG_se,vsTAG_win
0,-43.79,73.29770869474706,0.49573,926.1899999999999,13.188493477368901,0.92708
1,-45.894999999999996,73.46707279861914,0.49008,934.625,13.563278575588102,0.93049
2,-94.16499999999999,73.9701529021196,0.49011,934.68,14.259914671121432,0.92696
3,-16.365000000000002,73.1141973472067,0.49367,932.3000000000001,13.601294682939947,0.92938
4,62.565,73.92837063839296,0.49224,923.63,13.352522575513259,0.92812
