rep,vsRand,vsRand_se,vsRand_win,vsTAG,vsTAG_se,vsTAG_win
0,-278.13500000000005,20.824238778571402,0.40577,731.8449999999999,13.472845621302179,0.89124
1,-250.02,21.265372607991647,0.40192,742.505,14.004720617411317,0.8946
2,-277.72,20.86245835077171,0.40264,765.02,14.52329691418352,0.89051
3,-261.095,21.300294740573666,0.40164,731.95,13.97988541966505,0.89172
4,-294.41499999999996,20.614096450911322,0.40138,749.3499999999999,14.179176854301614,0.89251
