rep,vsRand,vsRand_se,vsRand_win,vsTAG,vsTAG_se,vsTAG_win
0,-489.89,16.195340403014306,0.38353,754.695,13.498872240497263,0.87772
1,-485.67,16.932023312207384,0.38114,759.335,13.679327462187173,0.88008
2,-497.95,16.30986413467877,0.38295,746.6500000000001,13.168267608448653,0.87632
3,-472.14,17.740117962455976,0.38007,751.895,14.04387184479814,0.87945
4,-465.87,17.51259599091989,0.37958,752.125,13.833523358401322,0.87978
