rep,vsRand,vsRand_se,vsRand_win,vsTAG,vsTAG_se,vsTAG_win
0,102.795,79.98210411241712,0.50007,887.42,9.938659125126085,0.92789
1,35.305,80.20541122424126,0.49852,868.83,9.257162160268804,0.93124
2,148.7,80.28786206213205,0.50054,882.535,9.863129196706566,0.92842
3,33.029999999999994,79.7429622574387,0.49786,875.435,9.395498569085282,0.92991
4,189.53,80.56318320458719,0.50088,879.5150000000001,9.412972149549622,0.92995
