rep,vsRand,vsRand_se,vsRand_win,vsTAG,vsTAG_se,vsTAG_win
0,1892.5700000000002,111.93962007589818,0.57941,1140.295,15.890741747523395,0.93654
1,2126.9700000000003,111.51973974465027,0.57542,1153.4850000000001,15.651579737113842,0.93868
2,2214.285,112.07510384861027,0.57838,1152.11,15.756776581492876,0.93664
3,2045.21,111.79293352962372,0.57781,1143.01,15.868259180373066,0.93903
4,1919.095,112.02465159077884,0.57863,1144.965,15.87649039042386,0.93772
