rep,vsRand,vsRand_se,vsRand_win,vsTAG,vsTAG_se,vsTAG_win
0,-293.58,100.71633380755554,0.54082,1087.1299999999999,13.811804418337701,0.93389
1,-130.76,100.63544054230066,0.53833,1068.615,12.445844439337495,0.937
2,-54.385000000000005,101.23288783144308,0.54251,1088.6,13.764435876451673,0.93558
3,-23.445,100.96640862423725,0.53905,1083.49,14.05700964622995,0.93606
4,-215.975,100.45726548943907,0.54013,1064.59,12.879801637133317,0.93635
