rep,vsRand,vsRand_se,vsRand_win,vsTAG,vsTAG_se,vsTAG_win
0,-458.295,63.33239804283561,0.47619,854.305,9.235104630773026,0.92494
1,-515.77,64.53040759832567,0.47194,860.84,9.274012347255644,0.9283
2,-508.705,64.06994433279475,0.47363,868.4300000000001,9.888825574339572,0.92586
3,-452.475,63.88412283623572,0.47503,858.3,9.542120918365905,0.92753
4,-425.485,63.336882744218684,0.4731,864.125,9.682016435545467,0.92707
