rep,vsRand,vsRand_se,vsRand_win,vsTAG,vsTAG_se,vsTAG_win
0,976.745,113.4228773860939,0.57093,992.425,16.883426835058305,0.93491
1,964.58,114.11282868990986,0.5666,959.21,15.942793151939684,0.9372
2,1067.8600000000001,114.06772139678534,0.56939,966.74,16.708563058647346,0.93521
3,1257.55,114.18079874708806,0.56998,959.2199999999999,15.87066755675031,0.93752
4,1237.175,114.17590295925805,0.56954,965.27,15.922960581428843,0.93633
