rep,vsRand,vsRand_se,vsRand_win,vsTAG,vsTAG_se,vsTAG_win
0,-363.955,88.7744279146324,0.51315,983.775,15.568521647298846,0.92936
1,-454.515,88.70140312045184,0.50774,967.835,14.912457977871366,0.93113
2,-491.17,88.9027958355758,0.5102,947.74,15.09831177695656,0.92944
3,-271.89000000000004,89.44438501806087,0.51032,969.45,15.764972322161658,0.93054
4,-430.55,88.61747766410684,0.51044,952.795,14.587707835432848,0.93091
