rep,vsRand,vsRand_se,vsRand_win,vsTAG,vsTAG_se,vsTAG_win
0,689.655,113.51009527890922,0.57083,1204.125,16.42229891832345,0.93728
1,632.205,114.33089962440528,0.56925,1185.885,15.051704495034176,0.94004
2,754.37,114.9012486094051,0.57037,1193.44,16.10109164359737,0.93809
3,627.25,114.53916673602163,0.56632,1191.515,16.549023649435863,0.93915
4,899.5649999999999,113.62647078412836,0.57157,1197.77,16.236733248596092,0.9398
