rep,vsRand,vsRand_se,vsRand_win,vsTAG,vsTAG_se,vsTAG_win
0,-99.12,22.803510744116192,0.24063,85.03,12.827731463432844,0.46449
1,-94.61999999999999,22.713718975242625,0.23984,63.415,12.503332504216111,0.46581
2,-84.47,22.621939919305266,0.24108,80.76,12.930728914547029,0.46425
3,-92.09,22.546311842090198,0.24023,54.265,13.129265092676313,0.46567
4,-72.755,23.790670483611226,0.24055,72.495,13.091000095202233,0.46485
