rep,vsRand,vsRand_se,vsRand_win,vsTAG,vsTAG_se,vsTAG_win
0,808.83,86.16792871730405,0.52065,862.965,11.311161236205376,0.93012
1,667.1949999999999,85.98374564628423,0.51386,865.355,11.432717931889297,0.93229
2,782.66,86.42413623842151,0.51542,880.82,11.923528545750615,0.93024
3,752.74,85.43876621740114,0.51813,865.965,11.830548203970011,0.93244
4,873.275,86.30956248382627,0.51929,847.35,11.075168457796192,0.93014
