rep,vsRand,vsRand_se,vsRand_win,vsTAG,vsTAG_se,vsTAG_win
0,250.28499999999997,105.38587173339394,0.55397,1136.415,14.863086610498705,0.93572
1,426.13,106.06523738047639,0.55432,1121.04,13.396452434632772,0.93896
2,326.535,105.3804677080506,0.55192,1111.9699999999998,14.286377014368686,0.93643
3,197.14499999999998,105.00414883328408,0.54972,1121.17,14.583693124584443,0.93758
4,349.13,105.22096771533451,0.55328,1121.795,14.099296886067643,0.93722
