rep,vsRand,vsRand_se,vsRand_win,vsTAG,vsTAG_se,vsTAG_win
0,1588.5149999999999,111.84809151659007,0.57268,954.245,14.603312034157652,0.93575
1,1725.0049999999999,111.47845117757296,0.57203,943.4599999999999,14.396237522371878,0.93828
2,1590.0049999999999,112.26928903280873,0.57102,956.2199999999999,14.950206292980775,0.93676
3,1639.785,112.09159277925113,0.56937,960.39,15.518391304632281,0.9382
4,1582.32,111.75448122924087,0.57112,946.27,14.490604909640815,0.93715
