rep,vsRand,vsRand_se,vsRand_win,vsTAG,vsTAG_se,vsTAG_win
0,-191.03,22.607235263558046,0.24899,171.7,18.969467296339534,0.46319
1,-185.90499999999997,22.24240242317375,0.24891,198.825,18.76609130467979,0.46499
2,-182.705,23.16529257612671,0.25,175.05,19.03056217241009,0.46312
3,-148.285,23.1861945257068,0.2479,185.305,19.57962280499913,0.46342
4,-160.55,23.395189897158414,0.24766,166.13,19.001884615668768,0.46363
