rep,vsRand,vsRand_se,vsRand_win,vsTAG,vsTAG_se,vsTAG_win
0,-454.615,63.55224674154651,0.47525,865.965,10.95301651936391,0.92485
1,-519.61,64.29140368917824,0.47027,845.245,10.153682330681747,0.92811
2,-479.5,63.99173889594241,0.47223,852.35,10.258218514219262,0.92496
3,-422.54,63.88860005522244,0.47445,850.245,10.771210219350742,0.92655
4,-409.815,63.33472431873999,0.473,844.495,10.159736175321752,0.92669
