rep,vsRand,vsRand_se,vsRand_win,vsTAG,vsTAG_se,vsTAG_win
0,-496.2,6.8019569438642185,0.24286,164.745,9.700868874400848,0.46186
1,-495.55,6.8383601547955974,0.24273,163.36,9.297499639096275,0.4633
2,-485.58,7.365185883304708,0.24355,154.975,9.315611643899341,0.46176
3,-498.64000000000004,7.026277477423725,0.24112,174.345,10.613041014532344,0.46252
4,-502.895,6.342589650464921,0.24237,154.9,9.265790222570576,0.46275
