rep,vsRand,vsRand_se,vsRand_win,vsTAG,vsTAG_se,vsTAG_win
0,-407.845,18.345148268803936,0.24749,131.56,11.32351985404798,0.46318
1,-394.305,18.257662613056223,0.24812,137.055,11.538065935823271,0.46439
2,-391.48,17.793514273113725,0.24888,130.44,11.515935925134453,0.46356
3,-414.6,17.980664655207114,0.24633,137.82,12.062833895715215,0.46383
4,-430.89,18.0217004163275,0.24748,142.97000000000003,11.53122827296619,0.46417
