rep,vsRand,vsRand_se,vsRand_win,vsTAG,vsTAG_se,vsTAG_win
0,-251.26999999999998,16.455023292262926,0.23132,94.015,13.4758043459668,0.46114
1,-239.385,16.546413842759417,0.2329,68.52,12.476926978750349,0.4615
2,-224.655,16.997479679437905,0.23243,76.25,13.253881168497788,0.45971
3,-231.19,16.756003982921907,0.23187,83.285,14.377372088668768,0.46066
4,-257.735,16.425081416259257,0.23255,65.905,13.592843262674284,0.46044
