rep,vsRand,vsRand_se,vsRand_win,vsTAG,vsTAG_se,vsTAG_win
0,-508.87000000000006,6.657672752326053,0.24001,91.185,9.966093577122475,0.45372
1,-498.205,7.104709533029867,0.24026,83.845,9.591501192654947,0.45395
2,-495.34499999999997,7.8774728724089265,0.24004,99.755,10.16343186887301,0.45241
3,-500.04,6.921176129155369,0.2398,108.25500000000001,10.454242031898563,0.4543
4,-501.525,6.826742838860115,0.24088,100.265,10.036565728587952,0.4536
