rep,vsRand,vsRand_se,vsRand_win,vsTAG,vsTAG_se,vsTAG_win
0,-315.49,101.15553141086427,0.53559,925.5550000000001,13.483190363707465,0.93226
1,-286.615,101.80878986470022,0.53247,927.06,13.096715725846233,0.93426
2,-368.635,102.54373900707857,0.53542,900.865,13.237762269403728,0.93224
3,-223.915,102.43083601381672,0.5324,923.8100000000001,13.369418022202108,0.93353
4,-224.69,101.98327509902298,0.53604,902.1400000000001,12.254916810564662,0.93367
