rep,vsRand,vsRand_se,vsRand_win,vsTAG,vsTAG_se,vsTAG_win
0,-435.495,7.621758127999052,0.24463,158.25,11.661373386153643,0.46353
1,-421.41,8.605674098829617,0.24547,148.76500000000001,11.08389341678648,0.46483
2,-416.65999999999997,9.005928908866375,0.24506,141.09,11.174485885728618,0.46327
3,-428.39500000000004,8.371747314705635,0.24365,159.325,11.947315925651596,0.46462
4,-432.47,8.014520529413668,0.24429,161.07,11.609137016661602,0.46473
