rep,vsRand,vsRand_se,vsRand_win,vsTAG,vsTAG_se,vsTAG_win
0,295.075,31.095114592251708,0.20843,-53.435,23.47399587400008,0.44251
1,377.51,31.65680864418167,0.21162,13.42,22.6019558339555,0.44422
2,365.79,32.042701105024534,0.20957,-31.28,22.420317623138686,0.44181
3,270.72,30.672807420044713,0.20915,22.11,24.330045848504064,0.44435
4,375.41,31.894088725780456,0.21046,6.785,22.788322836802344,0.443
