rep,vsRand,vsRand_se,vsRand_win,vsTAG,vsTAG_se,vsTAG_win
0,1199.135,111.65112107473942,0.57153,905.125,13.021960607309891,0.93504
1,1189.815,112.12975166506804,0.56844,897.795,12.97919300165691,0.93699
2,1255.5149999999999,112.83638604788754,0.571,894.1949999999999,13.00856142109697,0.93528
3,1532.915,112.58728369577199,0.57144,886.13,12.96141644320412,0.93743
4,1298.405,112.51978348973356,0.56984,882.0799999999999,12.11405242842635,0.93615
