rep,vsRand,vsRand_se,vsRand_win,vsTAG,vsTAG_se,vsTAG_win
0,-350.6,18.282242444620625,0.43893,826.8,12.371337765172406,0.91433
1,-381.445,17.805931389053377,0.43572,816.765,11.8329634723511,0.91838
2,-373.34000000000003,17.7859617633784,0.43721,823.115,12.883408003698705,0.91419
3,-352.81,18.1472158816013,0.4383,820.0699999999999,12.805961185222245,0.91659
4,-382.75,17.859027516178983,0.43505,823.755,12.285351492666498,0.91651
