rep,vsRand,vsRand_se,vsRand_win,vsTAG,vsTAG_se,vsTAG_win
0,-240.385,30.626634738823398,0.23955,69.335,14.317482372287552,0.45871
1,-270.675,30.619539529616706,0.24177,79.02499999999999,13.877179153371282,0.45942
2,-143.185,30.376341662206094,0.24253,76.295,13.295331262818683,0.45765
3,-206.39499999999998,31.39327143536755,0.24067,76.92,14.841891252578273,0.45867
4,-192.845,32.24878963471464,0.24112,64.69,13.880874569917712,0.4592
