rep,vsRand,vsRand_se,vsRand_win,vsTAG,vsTAG_se,vsTAG_win
0,2139.185,109.44792112613257,0.56973,953.4449999999999,15.28967262764774,0.93523
1,2265.05,109.12227848469631,0.56854,919.12,14.582443578927617,0.93791
2,2179.36,108.73339036103764,0.56712,943.995,15.28709574617473,0.93624
3,2028.685,109.10836994965912,0.56743,932.5550000000001,15.18061070013859,0.93787
4,2212.3149999999996,108.58789348594007,0.56951,920.5600000000001,14.90192650425224,0.93634
