rep,vsRand,vsRand_se,vsRand_win,vsTAG,vsTAG_se,vsTAG_win
0,913.5649999999999,96.81067264496785,0.53766,915.27,13.396389547319421,0.93258
1,860.495,95.62746208419837,0.53479,918.5100000000001,13.731415779765506,0.93509
2,921.175,97.36500804006364,0.53646,936.705,14.373132167312487,0.93318
3,962.28,97.0889732910146,0.53554,923.505,14.345113034494698,0.93392
4,895.13,96.43335323811553,0.53454,912.555,13.590575990638056,0.93243
