rep,vsRand,vsRand_se,vsRand_win,vsTAG,vsTAG_se,vsTAG_win
0,-517.35,69.78999280846762,0.48261,884.5600000000001,10.909171653441962,0.92255
1,-451.76500000000004,71.2536123969904,0.47936,906.1550000000001,11.507774782665606,0.92649
2,-546.45,70.61048953510607,0.4794,887.61,11.676176523587765,0.92368
3,-431.29,70.10847874078364,0.47876,901.61,12.165774703640592,0.92444
4,-552.2249999999999,69.93359820269028,0.47958,881.74,10.976404262713057,0.92455
