rep,vsRand,vsRand_se,vsRand_win,vsTAG,vsTAG_se,vsTAG_win
0,-646.125,61.99432097218323,0.47483,897.3149999999999,9.875611787875819,0.92445
1,-612.3499999999999,62.54319780192656,0.47134,886.42,8.887285056436342,0.92618
2,-595.2049999999999,63.13045492963872,0.47308,900.785,10.015849540112415,0.92431
3,-592.9499999999999,61.98888875595602,0.47448,909.1949999999999,10.451713347718114,0.92499
4,-635.2149999999999,62.969820914635044,0.47443,884.1,9.145950381676242,0.92478
