rep,vsRand,vsRand_se,vsRand_win,vsTAG,vsTAG_se,vsTAG_win
0,-493.915,64.21843695391688,0.47338,949.885,15.063179573434642,0.92219
1,-536.12,64.46301349035029,0.46978,946.21,14.610698172367082,0.92557
2,-461.51,65.12278053772312,0.47137,935.655,15.088240412975184,0.9237
3,-467.3,64.9005244807835,0.47027,945.38,15.696115131977797,0.92367
4,-458.17999999999995,63.67949993257732,0.47107,938.6949999999999,14.792664743008677,0.92391
