rep,vsRand,vsRand_se,vsRand_win,vsTAG,vsTAG_se,vsTAG_win
0,-345.82,64.68427340419198,0.47293,880.0949999999999,13.335723877055313,0.92561
1,-371.75,64.83068948852846,0.46807,874.9,12.594823785820186,0.92898
2,-329.735,65.39179676510342,0.46991,876.1,13.481847258519695,0.92508
3,-312.93,64.29468746497926,0.47176,870.27,13.515974921802009,0.92751
4,-392.375,63.947290295626374,0.46901,885.01,13.581355511552418,0.92675
