rep,vsRand,vsRand_se,vsRand_win,vsTAG,vsTAG_se,vsTAG_win
0,1109.41,92.96088404150757,0.53409,895.165,14.534988265787792,0.93179
1,1099.825,93.0718397173239,0.53136,896.73,14.208308197361792,0.93406
2,1109.275,93.84734779412057,0.53379,888.97,14.547980609981519,0.93198
3,1182.34,93.20607273651191,0.53113,878.735,14.339772637268096,0.9336
4,1243.055,93.13174272440507,0.53337,901.77,14.887732369865839,0.93256
