rep,vsRand,vsRand_se,vsRand_win,vsTAG,vsTAG_se,vsTAG_win
0,624.5849999999999,83.14534498251643,0.51102,883.2950000000001,13.321195478343515,0.92902
1,360.305,83.17501583349616,0.50366,876.7,13.068641053827665,0.93217
2,654.435,83.62120633170292,0.50782,883.955,13.845142738864217,0.93001
3,525.095,82.69020258837071,0.50835,881.66,13.376811871105847,0.93185
4,614.755,82.7521665402811,0.50737,855.77,12.859034980075533,0.9298
