rep,vsRand,vsRand_se,vsRand_win,vsTAG,vsTAG_se,vsTAG_win
0,-307.23,69.29606314008514,0.48116,837.215,7.749921680288808,0.92304
1,-500.2950000000001,69.77237279876476,0.47626,852.675,8.303388941054674,0.92717
2,-500.56,69.57334619930978,0.47646,837.725,7.776859780093145,0.92352
3,-416.045,68.999171005424,0.47846,838.605,8.220435955314226,0.92485
4,-391.875,68.53636835419296,0.478,829.265,7.405975228316715,0.92509
