rep,vsRand,vsRand_se,vsRand_win,vsTAG,vsTAG_se,vsTAG_win
0,218.365,37.85220826007978,0.27882,132.81,15.114277999725772,0.50129
1,211.315,37.18772934692154,0.27755,133.64000000000001,14.857286457950822,0.50433
2,177.665,37.59538882110884,0.2784,153.35999999999999,14.490312515455555,0.50165
3,182.915,37.375772440330984,0.27932,172.13,15.793603357374467,0.50242
4,190.185,37.66375521960499,0.27821,142.475,14.794670410876872,0.50246
