rep,vsRand,vsRand_se,vsRand_win,vsTAG,vsTAG_se,vsTAG_win
0,496.825,45.70089944318217,0.2833,46.550000000000004,13.44144105735605,0.48951
1,379.16,44.55600890254078,0.28333,59.56,12.519252908258295,0.48944
2,440.35,45.540005574177044,0.28347,86.67999999999999,12.602136878900305,0.49014
3,405.3,45.38772983483747,0.28294,69.74,13.262119821590424,0.49092
4,443.81,44.99751353798614,0.28031,49.33,12.852385667617256,0.49021
