rep,vsRand,vsRand_se,vsRand_win,vsTAG,vsTAG_se,vsTAG_win
0,-455.505,63.5241672920476,0.47449,851.275,9.186627655730195,0.92482
1,-512.805,64.43010901518967,0.4694,841.85,8.75163422944634,0.92813
2,-476.09000000000003,63.9735832927357,0.47178,845.35,9.376204610988875,0.92479
3,-469.455,63.62732376418989,0.47241,848.0,9.099271287711982,0.92673
4,-416.88,63.051215017738954,0.47171,846.9250000000001,8.909343365688745,0.92682
