rep,vsRand,vsRand_se,vsRand_win,vsTAG,vsTAG_se,vsTAG_win
0,-470.01,63.41278552321035,0.47434,840.475,9.266574417645627,0.92482
1,-500.76,64.53238093008721,0.46952,831.63,8.8282073380414,0.92813
2,-470.37,64.06255310817784,0.47173,833.58,9.453197208636592,0.92479
3,-438.34499999999997,63.936704173980964,0.47303,838.85,9.183300066152746,0.92673
4,-425.825,63.19004300923607,0.47181,835.24,8.96166527708134,0.92682
