rep,vsRand,vsRand_se,vsRand_win,vsTAG,vsTAG_se,vsTAG_win
0,1300.19,101.06101544575647,0.55581,1214.2450000000001,16.980080948901282,0.93416
1,1523.21,101.32137322976693,0.55439,1200.66,16.18800253762834,0.93663
2,1481.23,101.79620966202039,0.55639,1190.25,16.17176751736329,0.93484
3,1430.75,101.2556866132254,0.55406,1206.14,16.5022463999712,0.93716
4,1203.815,101.52855854359278,0.55177,1216.105,16.74375599509854,0.93557
