rep,vsRand,vsRand_se,vsRand_win,vsTAG,vsTAG_se,vsTAG_win
0,265.10499999999996,102.28968398711696,0.54571,1066.385,12.25040636233388,0.93409
1,226.47,102.0414559773545,0.54358,1050.835,10.899450491100918,0.93703
2,29.505,102.49599272086196,0.54107,1066.59,11.862228493990848,0.93497
3,60.01,102.68213780504009,0.54262,1053.425,11.785591698996997,0.93649
4,243.475,101.4374633448286,0.54307,1046.695,11.267616889194166,0.93676
