rep,vsRand,vsRand_se,vsRand_win,vsTAG,vsTAG_se,vsTAG_win
0,1687.8500000000001,100.86255254711762,0.55571,911.135,13.674404009352658,0.9334
1,1455.8500000000001,101.06298306027014,0.54804,908.395,13.099245250853633,0.93476
2,1691.505,101.4736805897385,0.55027,912.045,13.512299582312034,0.93415
3,1503.07,101.12198703701199,0.55113,897.085,12.674559813753481,0.93544
4,1683.905,100.38202891965797,0.55069,905.575,12.996253430115239,0.93431
