rep,vsRand,vsRand_se,vsRand_win,vsTAG,vsTAG_se,vsTAG_win
0,-294.71500000000003,120.5298802380889,0.57848,930.15,13.9572672048678,0.93475
1,-365.055,121.81065245626208,0.5755,935.2850000000001,13.585094413939576,0.9383
2,-125.44500000000001,121.1814421020762,0.57859,918.32,13.63768285450048,0.93705
3,-264.81,121.18020879281,0.57495,933.38,13.589411851774335,0.93674
4,-91.34,121.11578555406848,0.57753,926.1700000000001,12.988363187360553,0.93742
