rep,vsRand,vsRand_se,vsRand_win,vsTAG,vsTAG_se,vsTAG_win
0,-403.915,35.79580443465269,0.2745,210.97,13.977795619435268,0.51155
1,-342.18,36.04315496132651,0.27379,202.13500000000002,13.31713606143899,0.51336
2,-321.795,36.49712283426601,0.2748,218.23999999999998,13.93124918379677,0.51175
3,-351.785,35.756571192741404,0.27367,214.68,13.820860506417512,0.51298
4,-376.38,36.205690015188146,0.27453,231.475,14.22739056995956,0.51346
