rep,vsRand,vsRand_se,vsRand_win,vsTAG,vsTAG_se,vsTAG_win
0,-647.4,8.627996686558719,0.43397,773.5,7.129732521691,0.92229
1,-650.58,8.922354101918797,0.43292,778.975,6.966210574957359,0.92572
2,-646.165,8.266115545672715,0.43477,769.89,6.749770327425573,0.92288
3,-648.775,8.39393766808199,0.43472,774.115,7.255684744899076,0.9237
4,-650.235,8.406757768813838,0.43301,763.1099999999999,6.369822370001399,0.92398
