rep,vsRand,vsRand_se,vsRand_win,vsTAG,vsTAG_se,vsTAG_win
0,-18.78,38.672544250059204,0.27856,157.315,13.915519441420907,0.49522
1,-111.675,37.86875232124467,0.27427,151.35999999999999,14.244363113976181,0.49646
2,53.06,38.8709641748511,0.27632,175.73,14.037940030809473,0.49686
3,-36.175,38.874039545733545,0.27416,143.51500000000001,14.817931878599037,0.49683
4,-104.965,38.631180051461946,0.27597,150.685,13.974931781405335,0.49658
