rep,vsCFR,vsCFR_se,vsCFR_win,vsRand,vsRand_se,vsRand_win,vsTAG,vsTAG_se,vsTAG_win
0,-648.885,1.5360277216123461,0.06214,-327.035,12.820393898501992,0.18513,-102.27,5.177584045166765,0.41672
1,-649.295,1.8011017376663356,0.06253,-319.24,12.652069355350125,0.18679,-105.92500000000001,4.409106297871878,0.41568
2,-650.18,1.4364819215023585,0.06255,-335.495,12.872173980271546,0.18289,-103.155,5.383145478463537,0.41673
3,-650.905,1.5287495479972528,0.06206,-326.44,12.978470775520385,0.18284,-100.68,4.776925116236977,0.41675
4,-648.625,1.854121212705554,0.06268,-323.40000000000003,12.656864791972124,0.1849,-106.13,5.101649194059211,0.41544
