rep,vsRand,vsRand_se,vsRand_win,vsTAG,vsTAG_se,vsTAG_win
0,-283.32,22.051222422806934,0.24572,125.88,14.66425731704223,0.46323
1,-247.78,21.806930231879527,0.2478,91.47,13.981775183837454,0.46483
2,-266.62,22.02897275209185,0.24748,113.035,13.776356694271081,0.46276
3,-284.485,21.49417078748395,0.2468,95.85499999999999,14.829623810709888,0.46382
4,-257.5,22.554083319140762,0.24657,108.75999999999999,14.679990383006945,0.46318
