rep,vsRand,vsRand_se,vsRand_win,vsTAG,vsTAG_se,vsTAG_win
0,2553.185,129.65881941716216,0.61067,846.3000000000001,9.416214725195974,0.93911
1,2594.1,130.1031328222026,0.61043,838.62,9.374134290692501,0.94146
2,2564.92,129.94175503868271,0.6102,844.17,9.934767592000885,0.94038
3,2551.64,130.15824462856912,0.60733,847.4300000000001,9.625736361391006,0.94128
4,2539.48,129.96490977211394,0.61043,837.78,8.726428720936315,0.9413
