rep,vsRand,vsRand_se,vsRand_win,vsTAG,vsTAG_se,vsTAG_win
0,333.8,30.657121916305876,0.19441,-186.5,23.526880639836772,0.41753
1,265.64500000000004,29.583511525532117,0.19336,-134.14499999999998,23.375954323666775,0.41843
2,304.385,30.44030204905395,0.19447,-126.13,23.393691134125216,0.41736
3,314.77500000000003,30.425018468543907,0.19461,-118.27,23.433440066113494,0.41857
4,317.0,30.150989217959467,0.19572,-115.495,23.556102881197887,0.41776
