rep,vsRand,vsRand_se,vsRand_win,vsTAG,vsTAG_se,vsTAG_win
0,1370.56,131.54633669263075,0.60971,837.415,6.994835627447192,0.94083
1,1313.6699999999998,132.2306385098726,0.60786,846.545,7.11569722242449,0.94347
2,1283.79,131.72280968512976,0.60822,846.155,7.168821805555693,0.94245
3,1417.24,132.18374307471902,0.60672,845.2950000000001,6.882587618757446,0.94336
4,1125.905,132.37280566606776,0.60709,843.0,7.0201177212727846,0.94318
