rep,vsRand,vsRand_se,vsRand_win,vsTAG,vsTAG_se,vsTAG_win
0,-345.32,62.12202654805961,0.28202,171.63,11.449001800481222,0.46609
1,-441.49,62.453007690428294,0.28214,163.365,10.971941378020848,0.46704
2,-388.76,62.040618525345714,0.28205,148.26,10.813875767877638,0.46706
3,-551.605,61.71502597977308,0.27941,179.49499999999998,11.926410308319028,0.46718
4,-400.51,62.62073842560313,0.2805,153.82999999999998,10.23925103382163,0.46733
