rep,vsRand,vsRand_se,vsRand_win,vsTAG,vsTAG_se,vsTAG_win
0,-443.94,15.93323763221444,0.38661,724.81,12.516663745092501,0.87868
1,-439.05,16.57042083845391,0.38344,744.555,13.3132631593276,0.88135
2,-454.87,15.74044822894521,0.3846,743.525,13.090641481329092,0.87803
3,-428.19,17.357459377828327,0.38177,741.7700000000001,13.832396250211321,0.88031
4,-428.455,16.693146040845544,0.38266,742.76,13.756082949814644,0.8802
