rep,vsRand,vsRand_se,vsRand_win,vsTAG,vsTAG_se,vsTAG_win
0,-608.045,11.798772389111035,0.43974,811.8499999999999,9.610851651112641,0.91872
1,-605.595,11.765989390816797,0.43763,801.4350000000001,9.187444612030864,0.92187
2,-595.9499999999999,12.029159695582639,0.4384,805.32,9.410224891006855,0.91915
3,-598.9799999999999,11.684395356497847,0.43909,809.71,9.704315477991683,0.91983
4,-610.91,11.486929929906951,0.43585,802.14,9.198527617673566,0.9199
