rep,vsRand,vsRand_se,vsRand_win,vsTAG,vsTAG_se,vsTAG_win
0,1217.085,113.66096187420855,0.5687,954.075,15.260636055350972,0.93551
1,1210.7749999999999,113.47743822136452,0.56782,942.505,14.443159429234761,0.93837
2,1350.305,113.12505938942249,0.56988,920.0,14.908739809428127,0.93704
3,1329.42,112.97881291090673,0.56675,954.8100000000001,15.400293839063698,0.93826
4,1251.485,114.08977492621841,0.5703,952.765,14.893884040960177,0.93722
