rep,vsRand,vsRand_se,vsRand_win,vsTAG,vsTAG_se,vsTAG_win
0,69.255,117.56253345323275,0.5751,1019.84,15.887848752470541,0.93579
1,-83.05,118.22076652801478,0.57213,999.465,15.174975286190726,0.93861
2,12.67,118.45526839789403,0.57165,988.5899999999999,15.48388018632462,0.93728
3,176.27,117.66187225279403,0.57252,1025.205,15.68909122784317,0.93826
4,108.42,118.31106003288645,0.57318,992.52,14.579969693081068,0.93855
