rep,vsRand,vsRand_se,vsRand_win,vsTAG,vsTAG_se,vsTAG_win
0,2291.5800000000004,123.55070096439391,0.604,906.75,13.17949662795638,0.93803
1,2126.6150000000002,123.78034992343503,0.59956,896.98,13.255684664616885,0.93988
2,2285.1499999999996,124.12385895587768,0.6041,887.59,13.149052015057547,0.93861
3,2280.42,123.83134755893751,0.60104,886.06,13.109376236932603,0.94073
4,2268.315,124.18898753373422,0.60304,889.365,12.281515880544763,0.93988
