rep,vsRand,vsRand_se,vsRand_win,vsTAG,vsTAG_se,vsTAG_win
0,-234.025,17.719690682066904,0.24639,125.85,12.284080216331526,0.46402
1,-266.96999999999997,17.212561776616198,0.24635,103.84500000000001,11.428499169430893,0.46545
2,-224.05,18.672972521107283,0.24755,120.085,12.007889607332263,0.46327
3,-297.88,17.187410483455363,0.24543,109.91499999999999,12.317957592415329,0.4649
4,-253.89000000000001,17.34229674038483,0.24666,106.28999999999999,11.769737024508927,0.46433
