rep,vsRand,vsRand_se,vsRand_win,vsTAG,vsTAG_se,vsTAG_win
0,893.78,91.3314044421215,0.52929,848.0849999999999,10.723205826579195,0.9312
1,837.645,90.98897720866788,0.52635,851.4399999999999,10.183377940342917,0.93342
2,839.31,92.04927114280795,0.52883,850.225,11.2560435535278,0.93143
3,955.73,91.81584124299047,0.52685,837.75,11.012459403676418,0.933
4,957.38,91.19772149346744,0.52823,849.9250000000001,10.714277759197257,0.93196
