rep,vsRand,vsRand_se,vsRand_win,vsTAG,vsTAG_se,vsTAG_win
0,4.32,106.29015212775073,0.54719,870.545,10.874105549030913,0.93208
1,-158.26999999999998,106.73385113084214,0.54301,864.15,10.52451924935549,0.93421
2,-5.74,106.83721244221802,0.54592,853.02,10.816163307286317,0.93315
3,128.635,107.74501656807008,0.5447,872.51,11.387890930264408,0.9335
4,-80.44999999999999,107.02018833464139,0.54559,857.63,10.278913580317907,0.93406
