rep,vsRand,vsRand_se,vsRand_win,vsTAG,vsTAG_se,vsTAG_win
0,-312.62,19.47109084231764,0.40462,796.535,14.05892675391563,0.90186
1,-333.07,19.61467922519792,0.39966,803.465,14.50793816296607,0.90304
2,-296.705,19.844555285858508,0.40439,773.24,13.19148168993505,0.90012
3,-280.07500000000005,20.43366169557118,0.40111,784.1949999999999,13.84932760311852,0.90223
4,-270.49,20.662548753922156,0.3998,798.92,14.544474337470485,0.90278
