rep,vsRand,vsRand_se,vsRand_win,vsTAG,vsTAG_se,vsTAG_win
0,-59.315,71.49960849017212,0.4871,864.05,14.65399683947126,0.92103
1,-205.255,72.2428475292879,0.48316,865.9200000000001,14.675640676995767,0.92266
2,-184.095,72.6169673530176,0.48401,879.58,15.473728852440383,0.92018
3,-114.85,71.37114671336612,0.48359,858.09,15.00063051035379,0.9229
4,-132.57,71.32451278356017,0.48383,884.475,14.81809233681431,0.92125
