rep,vsRand,vsRand_se,vsRand_win,vsTAG,vsTAG_se,vsTAG_win
0,-683.2049999999999,11.095794944320323,0.43251,779.91,9.033284005343749,0.91828
1,-678.67,11.044287667111027,0.43149,775.365,8.04873058242043,0.92204
2,-688.945,10.590604065807332,0.43069,777.85,8.417464125971854,0.91863
3,-683.655,10.655712967790494,0.43381,778.065,8.343942100197465,0.91933
4,-698.77,10.118066941060738,0.43014,777.75,8.795471731421218,0.92011
