rep,vsRand,vsRand_se,vsRand_win,vsTAG,vsTAG_se,vsTAG_win
0,-6.58,30.232254413590613,0.27389,141.09,15.659648411279342,0.49785
1,-11.535,30.067154583957517,0.27077,125.53500000000001,15.05216264573809,0.50072
2,36.25,30.11151401719555,0.27415,152.76500000000001,14.927932943966814,0.49929
3,13.04,30.213545441859047,0.27272,146.635,15.400710327336716,0.49978
4,-3.82,30.188186718353474,0.27093,142.01,15.329157883909158,0.49848
