rep,vsRand,vsRand_se,vsRand_win,vsTAG,vsTAG_se,vsTAG_win
0,526.715,88.1765098484661,0.51897,825.89,10.441235428481281,0.92993
1,572.52,87.6561800134762,0.5177,836.41,10.185205962728736,0.93239
2,519.12,88.15313836735501,0.51732,839.58,10.906454224148076,0.93064
3,785.99,87.27682149135985,0.51974,813.5949999999999,10.613761504720312,0.93121
4,647.48,87.3849761562969,0.51872,826.645,10.496092469072535,0.93083
