rep,vsCFR,vsCFR_se,vsCFR_win,vsRand,vsRand_se,vsRand_win,vsTAG,vsTAG_se,vsTAG_win
0,-619.99,5.802845054721631,0.08178,331.61,45.21849173954115,0.26357,-211.78,18.138413170294783,0.45637
1,-620.135,6.394592225142057,0.08218,308.45,44.45553338921364,0.26177,-190.405,17.94315618636502,0.45762
2,-624.1600000000001,6.759881648668048,0.08157,275.71000000000004,44.67344286177159,0.26181,-204.125,17.820482051267728,0.45727
3,-625.485,6.138109392281886,0.08173,329.255,44.16012893572239,0.26397,-188.015,18.399528907675602,0.4574
4,-606.2800000000001,5.8806454948342495,0.08368,251.22499999999997,44.35804956667237,0.26254,-206.185,18.082273699509454,0.4563
