rep,vsRand,vsRand_se,vsRand_win,vsTAG,vsTAG_se,vsTAG_win
0,-364.925,18.246135252657382,0.39088,714.425,13.174818023488957,0.88046
1,-386.535,18.007872577639418,0.38741,749.595,13.673310424104674,0.88404
2,-396.975,17.897682441146326,0.38869,746.1,13.535232909902186,0.88071
3,-367.99,18.787423007736656,0.38775,735.1600000000001,14.364277255351576,0.88064
4,-361.605,18.781016226643725,0.38637,737.875,13.93712388830539,0.8814
