rep,vsRand,vsRand_se,vsRand_win,vsTAG,vsTAG_se,vsTAG_win
0,1355.09,103.9275479373549,0.56132,1181.785,16.917655842596577,0.93559
1,1540.88,104.45616161410963,0.55748,1173.26,16.24504228181593,0.93728
2,1568.605,105.56290680827563,0.56073,1177.755,16.725670512128676,0.93591
3,1631.015,103.82532240582485,0.55681,1168.7350000000001,16.449992888156824,0.93798
4,1558.14,104.59208212116451,0.56068,1148.85,16.391586976746215,0.93597
