rep,vsRand,vsRand_se,vsRand_win,vsTAG,vsTAG_se,vsTAG_win
0,-331.87,71.61562127778484,0.48732,850.58,9.973832333126223,0.92624
1,-352.85,72.72305071430964,0.48194,836.9100000000001,9.221749667263216,0.92945
2,-199.22,72.47138148902191,0.4864,843.68,9.67870742143668,0.92622
3,-411.115,72.22509698307155,0.48404,838.7750000000001,9.324867802030505,0.92805
4,-325.08,72.22715484881691,0.48352,830.0849999999999,9.324330182864804,0.92814
