rep,vsRand,vsRand_se,vsRand_win,vsTAG,vsTAG_se,vsTAG_win
0,1983.145,123.80058319706636,0.60002,871.165,11.887851094196392,0.93741
1,1853.63,124.00382626241931,0.59723,858.6899999999999,11.707185204858348,0.93827
2,1878.0,123.87314985731392,0.5983,872.655,12.847422234531356,0.9367
3,1917.17,124.45482968514045,0.59821,858.12,12.284856931730964,0.93917
4,1910.115,124.60372764390789,0.59879,852.15,11.281324233340897,0.93754
