rep,vsRand,vsRand_se,vsRand_win,vsTAG,vsTAG_se,vsTAG_win
0,-561.04,64.04916911361647,0.47814,905.645,10.201810481925307,0.92546
1,-642.3950000000001,64.36107507740685,0.4727,876.36,9.132125462407677,0.92822
2,-541.26,64.92068601823868,0.47566,888.87,9.661205132893421,0.9256
3,-559.095,64.43755717590089,0.47529,885.64,9.97006077840648,0.92716
4,-563.2700000000001,63.69428968672455,0.47439,883.78,9.232436379137141,0.92714
