rep,vsRand,vsRand_se,vsRand_win,vsTAG,vsTAG_se,vsTAG_win
0,1641.185,108.01659464547535,0.56622,931.855,14.546946543047694,0.93576
1,1644.53,108.53461502404465,0.56449,933.63,14.878899960939332,0.93659
2,1859.9,109.1640205733275,0.56736,950.5649999999999,15.286040149037433,0.93579
3,1920.4699999999998,108.59113808291956,0.5647,935.195,15.233825810158066,0.93644
4,1873.02,108.6131169743682,0.56594,921.785,14.500974171422731,0.93585
