rep,vsRand,vsRand_se,vsRand_win,vsTAG,vsTAG_se,vsTAG_win
0,407.86,78.39708740276727,0.50847,887.0649999999999,12.530616585837674,0.9289
1,320.7,78.69085104127656,0.50081,887.235,12.811335092441322,0.93142
2,395.59499999999997,79.35015397230873,0.50557,880.0649999999999,13.115052459054827,0.92847
3,448.355,78.41820131246776,0.50515,879.83,12.269639242922812,0.9312
4,355.645,79.03443019185568,0.50409,868.955,12.613991763420175,0.92916
