rep,vsRand,vsRand_se,vsRand_win,vsTAG,vsTAG_se,vsTAG_win
0,165.115,27.004529949883004,0.19533,-199.89000000000001,23.987275663837643,0.42197
1,145.67,26.795144752526028,0.19306,-189.01999999999998,23.39639904581222,0.42312
2,130.79,26.846357239446288,0.19403,-172.92499999999998,23.4821231694418,0.42144
3,150.31,26.46560453345499,0.195,-182.125,23.665760721473863,0.42293
4,95.99499999999999,25.599806212167522,0.19309,-157.765,23.643478322540062,0.42243
