rep,vsRand,vsRand_se,vsRand_win,vsTAG,vsTAG_se,vsTAG_win
0,1566.775,102.86261222214647,0.55192,957.215,14.821463024796572,0.93306
1,1400.9799999999998,103.31942895428715,0.54822,932.1800000000001,13.651482267712947,0.93601
2,1385.205,103.54018713419089,0.54716,912.805,14.146923576319224,0.93284
3,1473.685,103.10474628306308,0.54855,938.055,14.30523853587369,0.93539
4,1486.605,102.75827301666023,0.54912,925.41,13.542130453217915,0.93503
