rep,vsRand,vsRand_se,vsRand_win,vsTAG,vsTAG_se,vsTAG_win
0,-85.445,44.04531719058695,0.26567,210.60000000000002,12.714509152438007,0.46643
1,-141.5,44.15915621715136,0.26617,190.115,11.683163220240411,0.46727
2,-84.955,44.07765113833822,0.26446,191.685,12.106738179164667,0.46615
3,-32.345,44.69490283413919,0.26482,196.99,12.428776856309772,0.4673
4,-84.465,43.728619959470315,0.26376,210.405,12.30851076914358,0.46716
