rep,vsRand,vsRand_se,vsRand_win,vsTAG,vsTAG_se,vsTAG_win
0,-122.725,74.89547485706522,0.49214,933.8100000000001,12.95818922479834,0.92663
1,-182.945,75.68789878738858,0.48759,922.96,12.202048487195615,0.93003
2,-75.25999999999999,76.12226550305141,0.48915,912.89,12.4929471789603,0.92677
3,-77.94,75.02088899034621,0.49065,925.33,12.869679490861532,0.92938
4,-150.575,74.81943414762644,0.48726,909.4799999999999,12.212098617744882,0.92763
