rep,vsRand,vsRand_se,vsRand_win,vsTAG,vsTAG_se,vsTAG_win
0,-294.20000000000005,14.7214972344802,0.22631,42.5,12.642307375608212,0.45351
1,-301.375,14.65200678769905,0.22343,33.485,11.733813931183828,0.45371
2,-255.11499999999998,15.777293101084416,0.2257,57.47,12.633982672387264,0.45265
3,-281.455,14.990605491849891,0.22576,68.15,13.518059518818946,0.45475
4,-293.745,14.68681792547173,0.22641,44.275,13.026331759054079,0.45337
