rep,vsRand,vsRand_se,vsRand_win,vsTAG,vsTAG_se,vsTAG_win
0,-432.965,16.95279805994782,0.42611,788.27,11.119055283831628,0.89129
1,-431.805,16.449670979582034,0.4245,788.92,11.112116680784595,0.89473
2,-438.05,16.03370801695377,0.42626,775.0749999999999,10.951306394894974,0.89202
3,-380.895,17.743131436611794,0.42388,801.665,12.383351353799888,0.89371
4,-426.23499999999996,16.640741611796145,0.42311,774.215,11.079217654166213,0.89345
