rep,vsRand,vsRand_se,vsRand_win,vsTAG,vsTAG_se,vsTAG_win
0,333.395,85.27877096574225,0.51129,879.09,10.268130894379981,0.92885
1,217.10999999999999,85.14014693976755,0.50572,856.625,9.480398719112436,0.93221
2,431.665,85.18550870885663,0.50862,867.0400000000001,10.195479677879732,0.92902
3,317.66499999999996,85.32655079563719,0.5087,871.03,9.861599256834513,0.93158
4,566.885,84.95928565948483,0.51041,856.7249999999999,9.31680018951827,0.93061
