rep,vsRand,vsRand_se,vsRand_win,vsTAG,vsTAG_se,vsTAG_win
0,363.62,111.80701906880056,0.56658,1119.145,14.082657877768634,0.93624
1,205.92499999999998,112.52343884358778,0.5628,1101.2450000000001,12.880036042381034,0.93932
2,314.395,112.39988242954462,0.56349,1095.6950000000002,13.474198128642094,0.93751
3,409.205,112.39298603343913,0.56294,1093.58,13.75208962433311,0.9383
4,400.26,111.45678465428857,0.56651,1091.09,13.196765424344582,0.93898
