rep,vsRand,vsRand_se,vsRand_win,vsTAG,vsTAG_se,vsTAG_win
0,-476.62,17.031012427622823,0.43025,781.255,9.6454166105133,0.92216
1,-514.9200000000001,16.39746513045925,0.42679,781.16,9.790372774209906,0.92536
2,-485.11,16.784996283586192,0.4293,776.9350000000001,9.328741357326994,0.92343
3,-469.5,17.33984441112555,0.4278,768.1700000000001,10.00113487250259,0.92344
4,-477.54999999999995,17.038031368680162,0.43048,770.695,9.163662308095981,0.92393
