rep,vsRand,vsRand_se,vsRand_win,vsTAG,vsTAG_se,vsTAG_win
0,-507.77000000000004,65.24991472626395,0.48105,905.12,10.725904544898906,0.92296
1,-443.195,65.78834690114678,0.47669,889.67,9.539273184489941,0.9265
2,-538.92,66.13020591512885,0.47764,902.385,10.187113226547984,0.92401
3,-440.28499999999997,65.34057896973634,0.47891,897.415,10.791443496135134,0.92547
4,-446.14500000000004,65.095993703712,0.47844,886.17,9.45467985818199,0.92635
