rep,vsRand,vsRand_se,vsRand_win,vsTAG,vsTAG_se,vsTAG_win
0,-399.435,18.300570781171256,0.42675,831.365,14.278987578347865,0.91101
1,-411.09000000000003,18.51126486192307,0.42812,842.86,14.271394708684547,0.91196
2,-403.455,18.72579563553901,0.42719,812.71,14.429797529749592,0.90888
3,-392.38,18.63161428128296,0.42753,832.86,15.325292520859382,0.91077
4,-397.005,18.666768059362813,0.42595,854.01,14.949123852655699,0.90994
