rep,vsCFR,vsCFR_se,vsCFR_win,vsRand,vsRand_se,vsRand_win,vsTAG,vsTAG_se,vsTAG_win
0,-439.77,9.260028669086802,0.19776,564.2,57.98557843872103,0.34396,-53.43,22.219986265272446,0.61211
1,-431.955,9.246043947172039,0.19709,661.53,58.40766084290186,0.34639,-15.02,21.803812695454905,0.61291
2,-451.475,9.111388940103158,0.19637,470.38,58.22342463500204,0.3451,-23.630000000000003,21.383310985225997,0.6131
3,-438.88500000000005,9.03073862483856,0.19609,497.22499999999997,58.226008799116194,0.34467,-12.55,21.370461902855993,0.61313
4,-436.935,9.308972533391977,0.1968,636.83,58.28517905207095,0.345,-32.364999999999995,22.62708818913625,0.6135
