rep,vsRand,vsRand_se,vsRand_win,vsTAG,vsTAG_se,vsTAG_win
0,158.73999999999998,78.3497093350928,0.5,933.655,12.983256296445456,0.92734
1,-32.45,78.46201745339478,0.49398,927.385,12.45225064810422,0.93119
2,159.175,79.13377742621066,0.49788,923.385,13.130902506063936,0.92758
3,199.27,78.1944202507096,0.49805,924.635,12.738955961056613,0.92999
4,149.74499999999998,78.16638656858612,0.49619,916.215,12.705291810192703,0.92895
