rep,vsRand,vsRand_se,vsRand_win,vsTAG,vsTAG_se,vsTAG_win
0,-281.235,81.4011247169153,0.50306,918.665,10.377576697800462,0.92851
1,-131.59,81.44047468076398,0.50101,910.38,9.72660930773341,0.93256
2,-109.565,81.9684248252608,0.50288,918.5,10.169553171015773,0.92998
3,-35.06,82.35397033372645,0.50618,911.54,10.603837640105914,0.93044
4,44.505,81.65315909647131,0.50236,900.5699999999999,9.577520766881186,0.93145
