rep,vsRand,vsRand_se,vsRand_win,vsTAG,vsTAG_se,vsTAG_win
0,-262.02500000000003,16.36577319832686,0.22909,94.055,13.402809702552268,0.46062
1,-270.16,16.342763126321877,0.22926,77.155,12.69471573599922,0.46124
2,-235.23,17.407232651644712,0.23015,76.39,13.274014376727814,0.45926
3,-247.76000000000002,16.421628924164775,0.23023,86.625,14.453216771656766,0.46021
4,-263.38,16.543533378361662,0.22981,79.06,13.348261194806206,0.46084
