rep,vsCFR,vsCFR_se,vsCFR_win,vsRand,vsRand_se,vsRand_win,vsTAG,vsTAG_se,vsTAG_win
0,-607.135,6.155483313071214,0.08218,284.77000000000004,42.4749855999389,0.26568,-99.05,15.376875672842468,0.4648
1,-625.445,6.152839921056043,0.08251,252.02,41.55919670619619,0.26493,-83.26,14.76741881611627,0.46422
2,-612.98,6.029184746438531,0.08217,206.85,42.02089049898137,0.26425,-90.78999999999999,14.925670822964545,0.46522
3,-618.8399999999999,5.952766155179369,0.08202,234.08,41.510849750908136,0.26498,-84.385,15.303919720690454,0.46489
4,-611.195,6.1952453971094075,0.08442,206.31,41.26842912774154,0.2638,-115.165,15.19863333370149,0.46356
