rep,vsRand,vsRand_se,vsRand_win,vsTAG,vsTAG_se,vsTAG_win
0,1916.2250000000001,108.826522845373,0.57073,927.375,14.078377502428358,0.93549
1,2028.6599999999999,109.01745151163341,0.56859,922.845,14.077110062439202,0.93726
2,1891.47,109.31369793962956,0.56824,936.1500000000001,14.596921335546229,0.93588
3,2077.4849999999997,108.52630540720256,0.56848,916.945,13.715729105009284,0.93786
4,1833.525,109.40616519572184,0.56805,912.885,14.09011071922257,0.93633
