rep,vsRand,vsRand_se,vsRand_win,vsTAG,vsTAG_se,vsTAG_win
0,-398.825,63.79784254064457,0.47611,861.265,9.777216216148611,0.92538
1,-439.73,64.79723460215814,0.47111,849.595,9.04573803586618,0.92896
2,-394.9,64.52338198334171,0.47426,856.73,10.019797454759766,0.92519
3,-355.675,64.48759155402219,0.47493,854.22,9.589854095293404,0.92713
4,-365.805,63.710907487000036,0.47298,864.915,9.848132578560406,0.92717
