rep,vsRand,vsRand_se,vsRand_win,vsTAG,vsTAG_se,vsTAG_win
0,131.935,77.98255843040765,0.49937,888.82,10.336259403603636,0.92747
1,3.615,78.5802465182515,0.49387,864.52,9.156783832924178,0.93089
2,186.065,78.84649923022683,0.49634,876.98,9.837102138423937,0.92763
3,134.57,77.52610213415943,0.49679,879.3199999999999,9.934626331372682,0.93026
4,37.17,77.84693658305606,0.49444,857.345,8.941136390244221,0.92863
