rep,vsRand,vsRand_se,vsRand_win,vsTAG,vsTAG_se,vsTAG_win
0,-457.84999999999997,63.716997201157575,0.47319,865.505,11.730565289506302,0.92273
1,-497.73,64.19803978591654,0.46968,869.18,11.460053429380077,0.92632
2,-472.66999999999996,64.37867097761313,0.47213,847.3199999999999,11.170572321634191,0.92285
3,-475.28999999999996,64.20609486945287,0.47118,846.9250000000001,11.302505603187246,0.92407
4,-430.51,63.15880937566047,0.47116,847.25,11.072468124609966,0.92451
