rep,vsRand,vsRand_se,vsRand_win,vsTAG,vsTAG_se,vsTAG_win
0,760.8249999999999,88.34913487912651,0.52231,909.85,15.298958146102745,0.92894
1,706.405,88.82025830373722,0.51736,909.815,15.223106091968909,0.93028
2,547.905,89.32410208931232,0.51987,881.625,15.135505919167162,0.92743
3,800.9,88.5384824950644,0.51992,883.4,14.94551364402645,0.93015
4,813.9499999999999,88.39301548893368,0.52072,897.125,15.214179473646302,0.92891
