rep,vsRand,vsRand_se,vsRand_win,vsTAG,vsTAG_se,vsTAG_win
0,-181.04000000000002,64.84064611243384,0.46844,841.9799999999999,13.282680869918952,0.92564
1,-376.88500000000005,65.08432808030952,0.4644,835.1650000000001,12.545108330547817,0.929
2,-322.74,65.28845353311446,0.46585,836.89,13.43131249284867,0.92528
3,-303.885,64.4535740413192,0.46797,829.705,13.396834173841551,0.9274
4,-376.67499999999995,64.54101323861943,0.46486,847.0649999999999,13.534657946450189,0.92686
