rep,vsRand,vsRand_se,vsRand_win,vsTAG,vsTAG_se,vsTAG_win
0,1899.575,102.37271303876585,0.55638,839.12,11.299245682147541,0.93351
1,1474.2150000000001,101.99175995897289,0.54919,838.81,10.989250906015148,0.93543
2,1813.8700000000001,103.11497603749821,0.55207,843.14,11.74175574998394,0.93414
3,1757.3799999999999,101.90124677351568,0.55015,829.08,11.446240592449426,0.93524
4,1583.745,102.55468842227995,0.54995,836.875,11.010925926035805,0.93439
