rep,vsRand,vsRand_se,vsRand_win,vsTAG,vsTAG_se,vsTAG_win
0,-264.685,69.52134474880003,0.48205,861.875,9.964104710287662,0.92374
1,-415.9,69.61035862513768,0.47753,873.8399999999999,10.331125488809949,0.92734
2,-384.24,69.89298424388863,0.47709,855.96,9.943189299924573,0.92383
3,-336.505,69.14366982826789,0.48046,878.8249999999999,11.031006664163984,0.92565
4,-299.135,68.48225321722268,0.47943,853.245,9.795877413069892,0.92548
