rep,vsRand,vsRand_se,vsRand_win,vsTAG,vsTAG_se,vsTAG_win
0,-601.1,10.426887124149326,0.43405,765.46,8.584908088644216,0.91459
1,-602.5,10.422723916123765,0.43082,757.7199999999999,7.917820466189501,0.91673
2,-594.005,10.243817889722541,0.43324,750.655,8.054448736642035,0.91305
3,-607.4699999999999,9.627742670288256,0.4339,761.22,8.348295518031243,0.91559
4,-618.655,9.779227538137274,0.42761,760.875,7.860247144880482,0.91529
