rep,vsRand,vsRand_se,vsRand_win,vsTAG,vsTAG_se,vsTAG_win
0,791.46,97.21745739847462,0.53989,929.4,15.793452780551414,0.93191
1,727.4699999999999,97.57431875994735,0.53622,958.68,15.908980405185472,0.93386
2,802.3249999999999,96.86881803048293,0.53773,951.5949999999999,16.500882320376796,0.93174
3,865.71,97.48971460827825,0.53735,931.83,15.79754487682315,0.93385
4,869.63,97.93481938983442,0.53862,940.8649999999999,16.334585201482376,0.93175
