rep,vsRand,vsRand_se,vsRand_win,vsTAG,vsTAG_se,vsTAG_win
0,27.189999999999998,82.88915015338938,0.50473,898.745,11.470501949518152,0.92827
1,2.18,82.65936110432854,0.50096,879.615,10.55519368078513,0.93212
2,159.17000000000002,83.04576006692726,0.50286,886.0550000000001,11.35152319913673,0.92939
3,31.84,83.01854722250823,0.50224,888.3050000000001,11.320295877791251,0.93091
4,219.975,82.93557389979242,0.50285,882.185,10.649692738164052,0.93076
