rep,vsRand,vsRand_se,vsRand_win,vsTAG,vsTAG_se,vsTAG_win
0,795.6800000000001,86.13479799366951,0.51971,861.1,10.466002736103823,0.93002
1,679.84,85.72942097716634,0.51352,859.995,10.59126445466156,0.93222
2,831.3249999999999,86.08523026113387,0.51519,873.4549999999999,10.913504463532634,0.93026
3,739.45,85.26579935437417,0.51754,859.5350000000001,10.752663718145392,0.93264
4,843.47,85.86036223781632,0.51792,843.275,10.012894203188866,0.93008
