{
 "meta": {
  "K": 20,
  "seed": 20260707,
  "n_pre": 3000,
  "n_sit": 30000,
  "n_roll": 150,
  "def": "percentile E[HS] (Johanson et al. 2013)"
 },
 "preflop": {
  "42o": {
   "ehs": 0.31767,
   "bucket": 0
  },
  "32o": {
   "ehs": 0.327,
   "bucket": 0
  },
  "62o": {
   "ehs": 0.32817,
   "bucket": 0
  },
  "43o": {
   "ehs": 0.33583,
   "bucket": 0
  },
  "52o": {
   "ehs": 0.3455,
   "bucket": 0
  },
  "72o": {
   "ehs": 0.34633,
   "bucket": 0
  },
  "63o": {
   "ehs": 0.3465,
   "bucket": 1
  },
  "64o": {
   "ehs": 0.36333,
   "bucket": 1
  },
  "73o": {
   "ehs": 0.36667,
   "bucket": 1
  },
  "53o": {
   "ehs": 0.36683,
   "bucket": 1
  },
  "32s": {
   "ehs": 0.36717,
   "bucket": 1
  },
  "83o": {
   "ehs": 0.37183,
   "bucket": 1
  },
  "42s": {
   "ehs": 0.37467,
   "bucket": 2
  },
  "52s": {
   "ehs": 0.37667,
   "bucket": 2
  },
  "82o": {
   "ehs": 0.37717,
   "bucket": 2
  },
  "72s": {
   "ehs": 0.37867,
   "bucket": 2
  },
  "62s": {
   "ehs": 0.37933,
   "bucket": 2
  },
  "74o": {
   "ehs": 0.384,
   "bucket": 2
  },
  "53s": {
   "ehs": 0.38867,
   "bucket": 2
  },
  "82s": {
   "ehs": 0.39083,
   "bucket": 2
  },
  "54o": {
   "ehs": 0.39083,
   "bucket": 2
  },
  "73s": {
   "ehs": 0.3915,
   "bucket": 2
  },
  "43s": {
   "ehs": 0.39167,
   "bucket": 3
  },
  "92o": {
   "ehs": 0.3925,
   "bucket": 3
  },
  "93o": {
   "ehs": 0.4,
   "bucket": 3
  },
  "94o": {
   "ehs": 0.40233,
   "bucket": 3
  },
  "65o": {
   "ehs": 0.40233,
   "bucket": 3
  },
  "84o": {
   "ehs": 0.404,
   "bucket": 3
  },
  "83s": {
   "ehs": 0.40433,
   "bucket": 3
  },
  "75o": {
   "ehs": 0.4045,
   "bucket": 4
  },
  "95o": {
   "ehs": 0.41233,
   "bucket": 4
  },
  "92s": {
   "ehs": 0.41283,
   "bucket": 4
  },
  "T2o": {
   "ehs": 0.41433,
   "bucket": 4
  },
  "54s": {
   "ehs": 0.41483,
   "bucket": 4
  },
  "63s": {
   "ehs": 0.4175,
   "bucket": 4
  },
  "84s": {
   "ehs": 0.418,
   "bucket": 4
  },
  "74s": {
   "ehs": 0.4195,
   "bucket": 4
  },
  "T4o": {
   "ehs": 0.42033,
   "bucket": 4
  },
  "T3o": {
   "ehs": 0.42183,
   "bucket": 5
  },
  "64s": {
   "ehs": 0.42533,
   "bucket": 5
  },
  "86o": {
   "ehs": 0.426,
   "bucket": 5
  },
  "85o": {
   "ehs": 0.42633,
   "bucket": 5
  },
  "76o": {
   "ehs": 0.42933,
   "bucket": 5
  },
  "J2o": {
   "ehs": 0.43183,
   "bucket": 5
  },
  "T5o": {
   "ehs": 0.432,
   "bucket": 6
  },
  "65s": {
   "ehs": 0.43433,
   "bucket": 6
  },
  "93s": {
   "ehs": 0.43667,
   "bucket": 6
  },
  "T2s": {
   "ehs": 0.43817,
   "bucket": 6
  },
  "75s": {
   "ehs": 0.44417,
   "bucket": 6
  },
  "95s": {
   "ehs": 0.44567,
   "bucket": 6
  },
  "86s": {
   "ehs": 0.44967,
   "bucket": 6
  },
  "94s": {
   "ehs": 0.45017,
   "bucket": 6
  },
  "96o": {
   "ehs": 0.45367,
   "bucket": 6
  },
  "87o": {
   "ehs": 0.45383,
   "bucket": 6
  },
  "85s": {
   "ehs": 0.45533,
   "bucket": 6
  },
  "T3s": {
   "ehs": 0.459,
   "bucket": 7
  },
  "T6o": {
   "ehs": 0.46017,
   "bucket": 7
  },
  "J3o": {
   "ehs": 0.4605,
   "bucket": 7
  },
  "T4s": {
   "ehs": 0.4625,
   "bucket": 7
  },
  "97o": {
   "ehs": 0.46283,
   "bucket": 7
  },
  "J4o": {
   "ehs": 0.46383,
   "bucket": 7
  },
  "76s": {
   "ehs": 0.464,
   "bucket": 7
  },
  "Q2o": {
   "ehs": 0.46617,
   "bucket": 7
  },
  "96s": {
   "ehs": 0.4695,
   "bucket": 8
  },
  "T5s": {
   "ehs": 0.47683,
   "bucket": 8
  },
  "J2s": {
   "ehs": 0.479,
   "bucket": 8
  },
  "J6o": {
   "ehs": 0.48017,
   "bucket": 8
  },
  "J4s": {
   "ehs": 0.48117,
   "bucket": 8
  },
  "Q3o": {
   "ehs": 0.48167,
   "bucket": 8
  },
  "98o": {
   "ehs": 0.48383,
   "bucket": 8
  },
  "87s": {
   "ehs": 0.48567,
   "bucket": 8
  },
  "Q4o": {
   "ehs": 0.48617,
   "bucket": 8
  },
  "T8o": {
   "ehs": 0.48617,
   "bucket": 9
  },
  "97s": {
   "ehs": 0.4865,
   "bucket": 9
  },
  "T7o": {
   "ehs": 0.4925,
   "bucket": 9
  },
  "J3s": {
   "ehs": 0.49317,
   "bucket": 9
  },
  "T8s": {
   "ehs": 0.49433,
   "bucket": 9
  },
  "J5o": {
   "ehs": 0.497,
   "bucket": 9
  },
  "K2o": {
   "ehs": 0.4995,
   "bucket": 9
  },
  "Q3s": {
   "ehs": 0.4995,
   "bucket": 10
  },
  "Q5o": {
   "ehs": 0.50017,
   "bucket": 10
  },
  "J5s": {
   "ehs": 0.5035,
   "bucket": 10
  },
  "J8o": {
   "ehs": 0.50433,
   "bucket": 10
  },
  "T6s": {
   "ehs": 0.50467,
   "bucket": 10
  },
  "Q2s": {
   "ehs": 0.50517,
   "bucket": 10
  },
  "J7o": {
   "ehs": 0.50633,
   "bucket": 10
  },
  "22": {
   "ehs": 0.50633,
   "bucket": 10
  },
  "T9o": {
   "ehs": 0.50683,
   "bucket": 10
  },
  "T7s": {
   "ehs": 0.507,
   "bucket": 11
  },
  "Q6o": {
   "ehs": 0.50767,
   "bucket": 11
  },
  "98s": {
   "ehs": 0.508,
   "bucket": 11
  },
  "K3o": {
   "ehs": 0.50833,
   "bucket": 11
  },
  "J7s": {
   "ehs": 0.50983,
   "bucket": 11
  },
  "J6s": {
   "ehs": 0.515,
   "bucket": 11
  },
  "K4o": {
   "ehs": 0.52033,
   "bucket": 11
  },
  "Q5s": {
   "ehs": 0.52267,
   "bucket": 11
  },
  "Q4s": {
   "ehs": 0.52283,
   "bucket": 11
  },
  "J9o": {
   "ehs": 0.5235,
   "bucket": 12
  },
  "Q7o": {
   "ehs": 0.52517,
   "bucket": 12
  },
  "J8s": {
   "ehs": 0.5275,
   "bucket": 12
  },
  "T9s": {
   "ehs": 0.52783,
   "bucket": 12
  },
  "33": {
   "ehs": 0.5305,
   "bucket": 12
  },
  "Q6s": {
   "ehs": 0.53183,
   "bucket": 12
  },
  "Q7s": {
   "ehs": 0.53317,
   "bucket": 12
  },
  "Q8o": {
   "ehs": 0.53617,
   "bucket": 12
  },
  "K2s": {
   "ehs": 0.538,
   "bucket": 12
  },
  "K3s": {
   "ehs": 0.5385,
   "bucket": 12
  },
  "K5o": {
   "ehs": 0.541,
   "bucket": 13
  },
  "Q9o": {
   "ehs": 0.54333,
   "bucket": 13
  },
  "K4s": {
   "ehs": 0.5445,
   "bucket": 13
  },
  "K6o": {
   "ehs": 0.54817,
   "bucket": 13
  },
  "K7o": {
   "ehs": 0.54867,
   "bucket": 13
  },
  "JTo": {
   "ehs": 0.55067,
   "bucket": 13
  },
  "Q8s": {
   "ehs": 0.555,
   "bucket": 13
  },
  "K8o": {
   "ehs": 0.55633,
   "bucket": 14
  },
  "QTo": {
   "ehs": 0.5625,
   "bucket": 14
  },
  "J9s": {
   "ehs": 0.5625,
   "bucket": 14
  },
  "A4s": {
   "ehs": 0.56483,
   "bucket": 14
  },
  "A2o": {
   "ehs": 0.56567,
   "bucket": 14
  },
  "K5s": {
   "ehs": 0.56733,
   "bucket": 14
  },
  "K7s": {
   "ehs": 0.56917,
   "bucket": 14
  },
  "K6s": {
   "ehs": 0.57033,
   "bucket": 14
  },
  "A6o": {
   "ehs": 0.57167,
   "bucket": 14
  },
  "A3o": {
   "ehs": 0.57183,
   "bucket": 15
  },
  "A3s": {
   "ehs": 0.5735,
   "bucket": 15
  },
  "A4o": {
   "ehs": 0.575,
   "bucket": 15
  },
  "Q9s": {
   "ehs": 0.576,
   "bucket": 15
  },
  "A5o": {
   "ehs": 0.57717,
   "bucket": 15
  },
  "A6s": {
   "ehs": 0.57833,
   "bucket": 15
  },
  "JTs": {
   "ehs": 0.58033,
   "bucket": 15
  },
  "QJo": {
   "ehs": 0.5805,
   "bucket": 15
  },
  "K9o": {
   "ehs": 0.5815,
   "bucket": 16
  },
  "A2s": {
   "ehs": 0.58533,
   "bucket": 16
  },
  "K8s": {
   "ehs": 0.58717,
   "bucket": 16
  },
  "44": {
   "ehs": 0.588,
   "bucket": 16
  },
  "A7o": {
   "ehs": 0.593,
   "bucket": 16
  },
  "QTs": {
   "ehs": 0.593,
   "bucket": 16
  },
  "A8o": {
   "ehs": 0.59617,
   "bucket": 16
  },
  "K9s": {
   "ehs": 0.59817,
   "bucket": 16
  },
  "QJs": {
   "ehs": 0.6,
   "bucket": 16
  },
  "A7s": {
   "ehs": 0.60117,
   "bucket": 16
  },
  "A5s": {
   "ehs": 0.60217,
   "bucket": 17
  },
  "KTo": {
   "ehs": 0.60467,
   "bucket": 17
  },
  "55": {
   "ehs": 0.6105,
   "bucket": 17
  },
  "KQo": {
   "ehs": 0.61383,
   "bucket": 17
  },
  "KJo": {
   "ehs": 0.615,
   "bucket": 17
  },
  "A8s": {
   "ehs": 0.61883,
   "bucket": 17
  },
  "A9o": {
   "ehs": 0.62183,
   "bucket": 17
  },
  "66": {
   "ehs": 0.62767,
   "bucket": 17
  },
  "KTs": {
   "ehs": 0.63,
   "bucket": 18
  },
  "AJo": {
   "ehs": 0.633,
   "bucket": 18
  },
  "AQo": {
   "ehs": 0.63683,
   "bucket": 18
  },
  "KJs": {
   "ehs": 0.63933,
   "bucket": 18
  },
  "ATo": {
   "ehs": 0.64183,
   "bucket": 18
  },
  "A9s": {
   "ehs": 0.64333,
   "bucket": 18
  },
  "AKo": {
   "ehs": 0.64667,
   "bucket": 18
  },
  "77": {
   "ehs": 0.64817,