rep,vsRand,vsRand_se,vsRand_win,vsTAG,vsTAG_se,vsTAG_win
0,-457.11,15.701763274635727,0.40899,755.66,11.855291439831886,0.85042
1,-471.115,14.785003129215943,0.40821,743.0600000000001,11.29011483692395,0.8516
2,-479.52,14.175701577034978,0.41415,733.1600000000001,11.608387557736728,0.84825
3,-460.505,15.1920401668306,0.41028,746.9350000000001,12.140198923495818,0.85032
4,-467.625,14.632810214893713,0.41043,755.725,12.092236536951905,0.84938
