rep,vsRand,vsRand_se,vsRand_win,vsTAG,vsTAG_se,vsTAG_win
0,1269.1650000000002,100.59420345609104,0.55499,1161.51,16.43827993950321,0.93471
1,1044.125,100.64921314886084,0.54842,1147.415,15.728041419408166,0.93615
2,1027.325,101.21823778233023,0.55007,1163.365,16.346845749605933,0.93442
3,1271.61,100.46162902057706,0.54998,1158.215,16.119215347801028,0.93649
4,1114.05,101.41476359740604,0.55095,1133.01,15.673116788466123,0.93535
