rep,vsRand,vsRand_se,vsRand_win,vsTAG,vsTAG_se,vsTAG_win
0,1921.725,110.11457717961243,0.57221,944.805,14.593743176209072,0.93463
1,1969.4499999999998,110.27123974290912,0.5714,945.32,14.485371905339273,0.93778
2,2145.035,111.58329167844784,0.57067,941.38,14.722112768283077,0.9349
3,2054.215,110.86566124948786,0.57023,955.57,15.552211368927075,0.93751
4,2078.2250000000004,111.11319608812087,0.57109,947.005,14.95254915012858,0.93536
