rep,vsRand,vsRand_se,vsRand_win,vsTAG,vsTAG_se,vsTAG_win
0,797.59,86.20727097440614,0.51996,856.2800000000001,10.556432162364326,0.93032
1,669.385,85.87153516400683,0.51371,852.34,10.683473527372364,0.93231
2,839.005,86.1007550170142,0.51563,865.29,10.949323314059656,0.93026
3,760.67,85.3116975705467,0.51801,850.4350000000001,10.815324674748705,0.93264
4,888.4100000000001,86.00519313187696,0.51851,833.98,10.063614477878392,0.93008
